Date,ERCOT: Real Time LMP - AMISTAD_ALL (Amistad Hydro 1)(48270),ERCOT: Day Ahead SPP - AMISTAD_ALL (Amistad Hydro 1)(48799),ERCOT: Real Time LMP - NUE_NUECESG7 (Nueces Bay 7)(48488),ERCOT: Day Ahead SPP - NUE_NUECESG7 (Nueces Bay 7)(49017),ERCOT: Real Time LMP - FPPYD_FPP_G1 (Fayette Power Project 1)(47838),ERCOT: Day Ahead SPP - FPPYD_FPP_G1 (Fayette Power Project 1)(47875)
7/1/2023 0:00,24.24,28.57,22.25,22.64,22.98,23.7
7/1/2023 1:00,20.8,23.1,20.8,20.32,20.8,20.43
7/1/2023 2:00,22.08,20.37,22.08,18.38,22.08,18.24
7/1/2023 3:00,20.97,19.11,20.97,17.38,20.97,17.06
7/1/2023 4:00,19.51,17.98,19.51,16.45,19.51,16.14
7/1/2023 5:00,18.14,17.42,18.14,16.16,18.14,15.81
7/1/2023 6:00,17.09,18.29,17.09,18.15,17.09,17.3
7/1/2023 7:00,18.71,18.02,18.71,17.97,18.71,17.28
7/1/2023 8:00,18.94,18.3,19.04,19.63,18.7,18.27
7/1/2023 9:00,18.39,18.26,22.79,20.94,19.58,18.65
7/1/2023 10:00,19.75,21.37,21.96,23.96,20.24,21.79
7/1/2023 11:00,22.69,27.25,20.68,29.11,21.9,27.6
7/1/2023 12:00,19.86,34.67,19.11,34.59,19.83,34.73
7/1/2023 13:00,21.84,41.37,21.92,40.08,22.48,41.45
7/1/2023 14:00,23.98,63.32,24.6,53.67,24.62,63.69
7/1/2023 15:00,25.06,99.89,26.13,73.21,26.74,100.69
7/1/2023 16:00,22.86,148.37,23.73,113.18,24.89,149.12
7/1/2023 17:00,23.72,145.78,17.35,100.97,23.42,146.67
7/1/2023 18:00,25.05,114.83,2.56,57.95,23.98,115.48
7/1/2023 19:00,73.6,121.78,5.5,44.68,26.35,111.76
7/1/2023 20:00,35.27,120.59,15.87,55.4,25.75,103.97
7/1/2023 21:00,27.52,66.62,23.29,38.52,25.71,50.94
7/1/2023 22:00,24.76,45.13,22.58,31.28,24.45,36.06
7/1/2023 23:00,24.12,39.99,22.56,29.41,23.59,32.3
7/2/2023 0:00,23.01,35.82,23.01,28.1,23.01,30.66
7/2/2023 1:00,22.37,34.94,22.37,26.29,22.37,27.86
7/2/2023 2:00,20.3,32.34,20.3,24.35,20.3,25.52
7/2/2023 3:00,19.97,31.61,19.97,23.53,19.97,24.1
7/2/2023 4:00,19.54,32.42,19.54,22.22,19.54,22.55
7/2/2023 5:00,21.74,32.94,21.74,22.23,21.74,22.25
7/2/2023 6:00,20.86,24.39,20.86,18.22,20.86,17.98
7/2/2023 7:00,20.39,20.6,20.39,18.27,20.39,18.15
7/2/2023 8:00,19.22,18.37,19.22,18.01,19.22,17.98
7/2/2023 9:00,20.12,19.01,20.12,19.02,20.12,19.01
7/2/2023 10:00,23.55,23.18,23.55,23.19,23.55,23.18
7/2/2023 11:00,25.34,28.98,25.34,29,25.34,28.99
7/2/2023 12:00,27.54,35.17,27.54,35.22,27.54,35.17
7/2/2023 13:00,29.62,64.03,29.62,63.76,29.62,64.05
7/2/2023 14:00,42.47,150.23,42.47,141.49,42.47,149.76
7/2/2023 15:00,30.57,237,30.57,220.61,30.57,236.26
7/2/2023 16:00,55.69,287.16,55.69,246.06,55.69,286.61
7/2/2023 17:00,29.66,262.08,29.66,216.28,29.66,261.21
7/2/2023 18:00,27.01,162.53,27.01,129.01,27.01,161.31
7/2/2023 19:00,29.6,156.97,26.78,116.21,28.33,153.37
7/2/2023 20:00,72.23,142.77,63.88,97.01,68.35,130.62
7/2/2023 21:00,41.85,71.72,31.99,56.79,37.38,60.89
7/2/2023 22:00,34.12,47.6,19.71,34.33,27.66,37.26
7/2/2023 23:00,26.38,38.89,25.53,29.2,25.95,31.23
7/3/2023 0:00,23.85,28.66,23.82,24.73,23.72,25.21
7/3/2023 1:00,23.35,25.27,23.35,22.38,23.35,22.55
7/3/2023 2:00,23.85,23.56,23.85,21.04,23.85,21.14
7/3/2023 3:00,24.22,22.6,24.22,20.61,24.22,20.52
7/3/2023 4:00,24.78,22.94,24.78,20.83,24.78,20.7
7/3/2023 5:00,25.44,24.64,25.44,22.52,25.44,22.38
7/3/2023 6:00,25.18,22.78,25.18,21.13,25.18,21.04
7/3/2023 7:00,23.2,22.33,23.2,21.21,23.2,21.15
7/3/2023 8:00,22.42,20.51,22.42,20.39,22.42,20.36
7/3/2023 9:00,23.77,21.68,23.77,22.18,23.77,22.03
7/3/2023 10:00,28.47,27.23,28.47,28.48,28.47,27.97
7/3/2023 11:00,37.43,32.99,37.43,34.53,37.43,33.76
7/3/2023 12:00,44.97,48.48,44.97,49.56,44.97,49.37
7/3/2023 13:00,73.36,99.82,73.36,99.11,73.36,99.98
7/3/2023 14:00,78.28,151.42,78,128.32,78.28,151.5
7/3/2023 15:00,87,247.74,75.34,215.88,86.95,246.8
7/3/2023 16:00,241.48,260.73,86.61,221.84,240.73,259.99
7/3/2023 17:00,56.01,172.58,55.88,143.21,56.02,172.82
7/3/2023 18:00,30.72,110.03,21.8,71.86,31.83,110.04
7/3/2023 19:00,39.76,108.19,31.31,78.03,37.86,104.02
7/3/2023 20:00,43.06,80.15,27.51,59.21,36.09,75.26
7/3/2023 21:00,25.07,41.2,25.5,33.54,25.19,36.21
7/3/2023 22:00,23.13,32.74,23.56,28.02,23.25,29.55
7/3/2023 23:00,22.04,27.94,22.25,24.77,22.1,25.63
7/4/2023 0:00,22.72,22.6,21.16,20.81,21.04,20.96
7/4/2023 1:00,21.09,20.27,19.7,18.93,19.09,18.8
7/4/2023 2:00,30.85,19.2,21.14,17.78,20.26,17.63
7/4/2023 3:00,29.68,18.49,20.23,17.37,19.38,17.24
7/4/2023 4:00,32.45,18.41,20.95,17.19,19.92,17.12
7/4/2023 5:00,40.66,18.43,23.74,17.31,22.22,17.24
7/4/2023 6:00,25.09,18.12,20.04,17.17,19.58,17.11
7/4/2023 7:00,18.11,17.71,18.11,17.12,18.11,17.08
7/4/2023 8:00,17.36,16.2,18.31,16.2,17.52,16.2
7/4/2023 9:00,16.71,17.01,24.89,17.01,18.06,17.01
7/4/2023 10:00,18.7,19.11,21.8,19.13,19.21,19.12
7/4/2023 11:00,21.19,24.25,21.34,24.42,20.89,24.22
7/4/2023 12:00,22.91,27.55,22.82,27.7,22.89,27.52
7/4/2023 13:00,22.7,30.5,22.65,30.58,22.69,30.52
7/4/2023 14:00,24.28,39.84,24.28,38.95,24.28,39.17
7/4/2023 15:00,25.63,45.42,25.63,42.22,25.63,44.95
7/4/2023 16:00,25.96,49.14,25.36,42.79,25.96,48.42
7/4/2023 17:00,25.47,38.33,28.78,27.76,25.75,37.51
7/4/2023 18:00,27.47,35.71,22.04,25.22,25.96,36.53
7/4/2023 19:00,32.34,37.14,24.98,26.51,26.17,37.33
7/4/2023 20:00,30.52,37.02,31.93,29.72,27.77,34.33
7/4/2023 21:00,25.66,29.85,29.75,24.86,24.4,26.43
7/4/2023 22:00,25.21,26.08,24.64,22.74,22.94,23.27
7/4/2023 23:00,22.71,26.13,21.65,22.62,20.81,23.45
7/5/2023 0:00,21.4,22.85,22.72,19.27,19.86,19.5
7/5/2023 1:00,20.37,21.27,18.69,18.38,18.32,18.46
7/5/2023 2:00,18.83,20.21,16.83,17.64,16.57,17.56
7/5/2023 3:00,28.24,19.05,15.15,17,14.79,16.87
7/5/2023 4:00,17.37,19.6,16.49,17.97,16.42,17.86
7/5/2023 5:00,17.72,19.81,17.72,18.88,17.72,18.8
7/5/2023 6:00,19.55,18.94,19.55,18.1,19.55,18.05
7/5/2023 7:00,20.42,17.98,20.42,17.63,20.42,17.61
7/5/2023 8:00,38.5,17.27,19.39,17.29,19.07,17.29
7/5/2023 9:00,57.24,15.85,21.72,16.86,20.93,16.83
7/5/2023 10:00,69.69,20.05,26.36,20.07,25.62,20.07
7/5/2023 11:00,43.05,27.68,43.05,27.74,43.05,27.71
7/5/2023 12:00,33.81,31.96,34.47,31.8,34.48,31.83
7/5/2023 13:00,50.49,47.81,44.64,46.2,49.81,47.79
7/5/2023 14:00,32.02,58.98,29.46,53.49,32.35,58.82
7/5/2023 15:00,29.28,75.45,28.98,54.2,29.38,74.94
7/5/2023 16:00,29.63,78.17,30.44,55.09,30.7,80.84
7/5/2023 17:00,29.42,51.67,29.52,33.93,29.48,54.33
7/5/2023 18:00,28.95,39.7,26.89,25.57,25.59,40.45
7/5/2023 19:00,39.43,42.38,20.23,26.4,26.42,39.36
7/5/2023 20:00,39.19,49.01,19.72,29.97,27.77,39.6
7/5/2023 21:00,30.15,30.59,33.03,27.62,30.79,27.91
7/5/2023 22:00,27.09,27.94,26.17,25.25,25.81,25.63
7/5/2023 23:00,28.43,24.99,27.6,22.9,27.38,23.12
7/6/2023 0:00,21.68,22.08,21.68,20.78,21.68,20.6
7/6/2023 1:00,20.04,21.14,20.04,19.79,20.04,19.57
7/6/2023 2:00,21.31,19.79,21.31,18.73,21.31,18.54
7/6/2023 3:00,20.13,19.29,20.13,18.46,20.13,18.29
7/6/2023 4:00,22.63,19.4,22.03,18.61,21.96,18.53
7/6/2023 5:00,25.67,21.3,28.25,20.51,25.93,20.44
7/6/2023 6:00,47.32,25.03,39.2,22.49,35.11,22.46
7/6/2023 7:00,28.29,25.24,26.29,23.02,26.04,22.97
7/6/2023 8:00,21.61,20.35,21.61,20.37,21.61,20.35
7/6/2023 9:00,24.25,22.09,24.32,21.33,24.36,20.86
7/6/2023 10:00,40.12,24.91,40.35,25.49,40.49,25
7/6/2023 11:00,38.11,29.17,38.11,29.64,38.11,29.2
7/6/2023 12:00,26.97,31.29,25.11,31.18,27.71,31.13
7/6/2023 13:00,26.68,32.13,12.59,29.78,28.99,31.02
7/6/2023 14:00,31.78,33.54,14.56,31.21,28.61,33.55
7/6/2023 15:00,41.67,42.22,22.17,37.44,30.45,40.98
7/6/2023 16:00,38.34,41.34,21.1,37.54,28.15,41.09
7/6/2023 17:00,29.26,35.74,29.63,30.4,29.41,34.78
7/6/2023 18:00,27.33,34.26,28.77,28.35,27.76,32.93
7/6/2023 19:00,89.15,38.44,89.62,29.57,89.34,33.4
7/6/2023 20:00,66.36,40.2,68.91,33.44,67.2,35.06
7/6/2023 21:00,60.58,32.6,62.08,26.87,61,26.86
7/6/2023 22:00,32.52,26.67,30.79,24.28,30.71,24.16
7/6/2023 23:00,26.8,22.59,26.24,20.63,26.22,20.52
7/7/2023 0:00,24.7,23.44,23.79,20.31,23.69,19.98
7/7/2023 1:00,23.74,21.35,22.38,18.44,22.23,18.24
7/7/2023 2:00,18.66,20.93,18.66,17.19,18.66,16.98
7/7/2023 3:00,18.45,20.29,18.45,17.12,18.45,16.9
7/7/2023 4:00,19.32,19.33,18.64,17.29,18.56,17.1
7/7/2023 5:00,22.88,21.16,22.88,19.3,22.88,19.12
7/7/2023 6:00,28.62,20.85,28.62,19.73,28.62,19.64
7/7/2023 7:00,42.58,19.23,42.58,19.07,42.58,19.04
7/7/2023 8:00,24.69,13.31,24.69,18.71,24.69,18.34
7/7/2023 9:00,29.74,7.62,29.74,20.95,29.74,18.9
7/7/2023 10:00,39.44,11.04,39.54,23.22,39.61,20.81
7/7/2023 11:00,33.53,16.06,22.62,26.84,22.34,24.45
7/7/2023 12:00,32.47,17.55,20.89,27.81,20.66,26.25
7/7/2023 13:00,26.56,20.08,20.37,31.24,22.36,29.78
7/7/2023 14:00,20.35,36.99,21.03,32.17,20.98,31.28
7/7/2023 15:00,14.16,30.37,24.1,35.55,24.29,33.27
7/7/2023 16:00,13.17,24.69,23.25,33.68,23.21,32.58
7/7/2023 17:00,2.24,21.03,22.98,30.13,22.38,29.49
7/7/2023 18:00,-2.3,19.38,23.63,29.84,22.62,29.08
7/7/2023 19:00,16.71,34.51,34.86,37.59,33.78,38.51
7/7/2023 20:00,94.53,43.92,94.65,40.24,92.84,41.35
7/7/2023 21:00,93.86,32.48,95.78,30.44,94.62,30.81
7/7/2023 22:00,41.89,29.69,43.39,27.35,42.38,27.3
7/7/2023 23:00,25.38,21.85,25.79,22.3,25.54,22.15
7/8/2023 0:00,25.09,25.22,25.09,23.74,25.09,23.66
7/8/2023 1:00,63.36,22.5,63.36,21.27,63.36,21.16
7/8/2023 2:00,67.84,21.5,67.84,20.38,67.84,20.22
7/8/2023 3:00,30,21.74,30,20.84,30,20.69
7/8/2023 4:00,23.63,21.71,23.63,20.86,23.63,20.77
7/8/2023 5:00,20.3,22.44,20.3,21.48,20.3,21.44
7/8/2023 6:00,19.6,23.21,19.6,22.62,19.6,22.58
7/8/2023 7:00,21.78,22.04,21.78,21.9,21.78,21.86
7/8/2023 8:00,22.12,21.58,22.12,21.72,22.12,21.65
7/8/2023 9:00,20.66,19.79,22.03,20.75,21,20.02
7/8/2023 10:00,21.58,26.11,21.93,26.84,22.02,26.31
7/8/2023 11:00,24.41,29.61,26.38,29.95,26.65,29.81
7/8/2023 12:00,34.45,33.07,35.14,33.22,35.93,33.23
7/8/2023 13:00,24.75,37.43,24.81,37.24,24.88,37.28
7/8/2023 14:00,30.74,39.41,26,37.61,25.81,39.63
7/8/2023 15:00,42.28,48.79,35.68,43.62,35.42,50.11
7/8/2023 16:00,47.33,60.45,36.13,39.92,44.07,61.83
7/8/2023 17:00,33.76,59.49,15.55,46.36,33.87,61.04
7/8/2023 18:00,40.96,47.62,13.01,33.19,38.74,48.11
7/8/2023 19:00,141.9,69.54,69.89,34.72,131.94,64.94
7/8/2023 20:00,125.07,83.75,69.25,55.16,92.67,73.94
7/8/2023 21:00,38.77,43.96,25.72,32.2,30.76,36.78
7/8/2023 22:00,28.45,36.66,26.52,29.86,26.3,31.95
7/8/2023 23:00,23.49,30.01,21.87,26.96,21.58,27.56
7/9/2023 0:00,19.99,31.69,18.86,30.4,18.74,30.12
7/9/2023 1:00,15.82,26.53,15.89,25.39,15.84,25.08
7/9/2023 2:00,25.41,22.68,14.85,21.81,13.89,21.41
7/9/2023 3:00,25.68,21.17,12.93,20.62,12.53,20.15
7/9/2023 4:00,13.71,20.06,11.97,19.49,11.92,19.09
7/9/2023 5:00,11.79,19.76,11.79,19.29,11.79,18.8
7/9/2023 6:00,15.75,21.54,15.75,21.37,15.75,20.92
7/9/2023 7:00,18,17.71,18,17.96,18,17.48
7/9/2023 8:00,15.66,17.53,15.8,18.31,15.7,17.59
7/9/2023 9:00,15.34,19.13,17.04,20.47,15.73,19.31
7/9/2023 10:00,18.5,24.2,20.43,25.32,19.25,24.3
7/9/2023 11:00,19.69,29.9,18.25,30.26,19.32,29.87
7/9/2023 12:00,21.17,30.8,20.99,30.99,21.14,30.74
7/9/2023 13:00,23.23,31.73,23.18,31.87,23.23,31.61
7/9/2023 14:00,25.54,39.02,23.14,36.09,24.75,37.7
7/9/2023 15:00,27.74,48.21,23.32,43.63,27.48,48.31
7/9/2023 16:00,25.6,60.92,17.17,49.33,27.08,61.13
7/9/2023 17:00,25.98,62.15,16.51,44.4,27.9,63.37
7/9/2023 18:00,25.57,60.06,15.85,34.02,26.91,57.87
7/9/2023 19:00,40.02,75.43,14.77,49.36,30.85,71.71
7/9/2023 20:00,59.38,81.25,20.09,48.96,30.76,67.52
7/9/2023 21:00,33.37,43.1,26.26,29.91,26.14,35.04
7/9/2023 22:00,25.09,38.03,23.3,27.64,24.22,31.03
7/9/2023 23:00,24.96,28.98,24.96,27.2,24.93,26.53
7/10/2023 0:00,23.74,27.78,22.92,22.13,23.32,23.53
7/10/2023 1:00,22.49,25.87,22.49,22.4,22.49,23.08
7/10/2023 2:00,21.76,23.81,21.76,20.23,21.76,20.96
7/10/2023 3:00,21.33,23.67,21.33,20.48,21.33,20.93
7/10/2023 4:00,21.73,23.8,21.73,21.19,21.73,21.49
7/10/2023 5:00,23.94,26.66,23.94,24.74,23.94,24.76
7/10/2023 6:00,30.35,25.34,30.35,23.84,30.35,23.82
7/10/2023 7:00,26.08,24.31,26.08,23.47,26.08,23.52
7/10/2023 8:00,22.16,21.17,22.16,21.24,22.16,21.17
7/10/2023 9:00,22.97,21.9,22.97,22.39,22.97,22.16
7/10/2023 10:00,25.66,27.79,25.73,28,25.79,28.09
7/10/2023 11:00,26.83,32.63,26.97,32.47,27.06,32.72
7/10/2023 12:00,56.21,38.1,57.91,38.23,59.53,38.45
7/10/2023 13:00,76.63,41.88,76.2,41.89,77.9,42.12
7/10/2023 14:00,120.04,55.33,115.74,54.05,118.82,55.78
7/10/2023 15:00,163.78,75.66,157.81,65.89,162.08,76.14
7/10/2023 16:00,340.77,80,232.54,56.56,372.07,80.11
7/10/2023 17:00,102.55,67.53,31.27,32.53,120.49,68.11
7/10/2023 18:00,594.74,66.64,118.15,26.75,724.67,63.64
7/10/2023 19:00,1747.09,88.1,399,36.83,1938.01,83.67
7/10/2023 20:00,106.66,94.02,67.83,38.13,99.63,82.91
7/10/2023 21:00,36.57,47.81,32.76,27.9,33.1,38.28
7/10/2023 22:00,34.69,39.72,29.83,28.41,29.25,33.39
7/10/2023 23:00,26.24,30.09,24.68,25.65,24.5,26.59
7/11/2023 0:00,26.94,27.38,26.94,24.8,26.94,25.43
7/11/2023 1:00,22.48,25.01,22.48,22.92,22.48,23.13
7/11/2023 2:00,27.45,25.27,23.77,23.61,23.48,23.69
7/11/2023 3:00,23.84,22.96,23.36,21.81,23.31,21.8
7/11/2023 4:00,24.59,22.67,23.23,21.71,23.07,21.67
7/11/2023 5:00,26.82,23.71,26.82,22.52,26.82,22.47
7/11/2023 6:00,24.3,21.08,24.3,20.02,24.3,20
7/11/2023 7:00,22.62,19.07,22.62,18.48,22.62,18.47
7/11/2023 8:00,19.15,18.43,19.19,18.47,19.21,18.46
7/11/2023 9:00,15.32,18.77,20.59,18.84,20.6,18.64
7/11/2023 10:00,14.6,22.21,23.16,23.44,23.07,23.71
7/11/2023 11:00,16.25,26.86,23.99,27.43,23.22,28.12
7/11/2023 12:00,25.44,28.82,27.21,30.75,29.35,31.74
7/11/2023 13:00,28.14,30.41,61.97,36.39,72.26,37.43
7/11/2023 14:00,33.68,36.01,43.24,40.73,51.04,43.76
7/11/2023 15:00,47.99,55.1,34.87,44.46,57.92,54.68
7/11/2023 16:00,67.79,51.6,48.48,39.04,64.3,50.84
7/11/2023 17:00,53.89,44.31,25.58,29.69,56.25,43.32
7/11/2023 18:00,55.75,45.6,24.42,26.01,61.7,42.18
7/11/2023 19:00,181.68,67.24,13.48,33.99,241.51,57.28
7/11/2023 20:00,64.49,69.65,4.95,34.35,71.9,50.03
7/11/2023 21:00,35.14,45.84,30.44,31.52,32.38,36.01
7/11/2023 22:00,25.91,34.28,29.65,28.34,24.17,29.48
7/11/2023 23:00,23.72,26.88,26.06,21.69,22.23,22.75
7/12/2023 0:00,21.06,28.74,25.22,24.57,20.37,24.6
7/12/2023 1:00,19.45,26.25,23.16,22.01,18.35,22.35
7/12/2023 2:00,19,22.78,22.74,20.09,17.73,19.84
7/12/2023 3:00,17.3,21.91,20.91,19.97,17.01,19.38
7/12/2023 4:00,16.31,21.25,20.97,19.52,17.39,19.01
7/12/2023 5:00,16.96,21.71,27.19,20.18,18.25,19.44
7/12/2023 6:00,18.3,21.33,22.7,18.31,18.3,17.26
7/12/2023 7:00,18.88,18.82,19.25,18.24,18.19,17
7/12/2023 8:00,13.01,13.51,18.78,18.1,20.09,16.08
7/12/2023 9:00,2.7,11.1,19.88,19.56,24,17.77
7/12/2023 10:00,-1.75,17.56,19.12,21.92,34.92,21.3
7/12/2023 11:00,-1.73,22.23,19.97,27.18,41.62,26
7/12/2023 12:00,5.81,16.88,25.14,27.74,43.63,30.83
7/12/2023 13:00,31.12,33.08,28.04,28.32,37.63,34.04
7/12/2023 14:00,34.91,46.72,23.13,30.18,41.72,46.39
7/12/2023 15:00,125.18,61.38,14.21,37.41,89.18,67.2
7/12/2023 16:00,349.55,63.48,9.73,29.2,147.06,72.11
7/12/2023 17:00,130.74,64.59,0.77,28,72.26,72.51
7/12/2023 18:00,64.42,63.72,9.66,20.18,64.71,67.29
7/12/2023 19:00,779.81,90.99,63.88,29.72,224.63,86.73
7/12/2023 20:00,100.97,81.5,16.35,28.9,29.11,70.24
7/12/2023 21:00,28.93,47.63,32.09,26.6,28,34.75
7/12/2023 22:00,25.06,43.74,30.97,28.19,26.44,34.14
7/12/2023 23:00,21.77,31.63,34.39,25.91,25.84,26.25
7/13/2023 0:00,18.05,28.78,33.33,23.64,22.64,23.58
7/13/2023 1:00,18.22,24.25,31.03,22.46,21.89,20.95
7/13/2023 2:00,21.49,22.98,30.93,21.23,21.36,19.59
7/13/2023 3:00,24.06,21.55,31.4,20.26,21.32,18.61
7/13/2023 4:00,15.47,21.37,30.31,19.84,19.63,18.09
7/13/2023 5:00,15.88,21.72,31.32,20.48,20.42,19.07
7/13/2023 6:00,18.49,20.3,27.17,20.87,20.56,18.92
7/13/2023 7:00,18.78,19.37,23.61,20.18,19.96,18.87
7/13/2023 8:00,16.04,18.13,26.69,20.75,18.79,18.92
7/13/2023 9:00,14.96,18.05,26.54,21.8,18.7,19.89
7/13/2023 10:00,16.47,23.4,26.61,26.37,20.56,25
7/13/2023 11:00,21.74,27.91,27.68,25.33,24.33,29.75
7/13/2023 12:00,25.39,36.86,22.51,31.4,27.76,47.73
7/13/2023 13:00,30.05,97.3,1.77,57.98,32.18,107.31
7/13/2023 14:00,49.78,145.96,2.49,85.99,55,159.62
7/13/2023 15:00,65.3,207.78,2.4,132.4,70.33,246.93
7/13/2023 16:00,49.92,315.56,2.18,223.78,69.22,344.33
7/13/2023 17:00,26.91,231.12,1.19,137.58,37.78,258.95
7/13/2023 18:00,37.34,232.35,0.7,115.32,65.91,257.45
7/13/2023 19:00,72.97,242.83,1.39,100.3,99.34,248.63
7/13/2023 20:00,61.01,184.86,1.94,72.16,57.85,177.02
7/13/2023 21:00,33.28,73.28,2.45,29.77,27.05,63.93
7/13/2023 22:00,29.64,42.29,18.05,29.33,25.14,37.34
7/13/2023 23:00,25.05,34.78,19.78,25.1,22.14,29.44
7/14/2023 0:00,20.8,29.19,23.81,27.1,20.16,25.88
7/14/2023 1:00,20.91,27.76,25.11,24.72,21.21,23.64
7/14/2023 2:00,22.33,24.75,24.78,22.85,22.03,21.09
7/14/2023 3:00,25.11,22.73,25.95,19.8,25.36,19.21
7/14/2023 4:00,24.36,22.18,27.3,19.58,25.06,18.73
7/14/2023 5:00,25.53,22.2,30.16,20.01,26.43,19.36
7/14/2023 6:00,29.52,18.8,30.53,18.36,29.08,17.36
7/14/2023 8:00,22.09,17.36,29.86,19.61,24.75,17.53
7/14/2023 9:00,18.13,17.16,33.4,19.57,26.35,18.85
7/14/2023 10:00,23.01,18.12,36.33,21.1,32.98,23.1
7/14/2023 11:00,21.97,23.88,28.19,23.71,28.97,26.58
7/14/2023 12:00,23.08,25.36,24.43,24.72,26.57,41.26
7/14/2023 13:00,30.75,50.88,19.91,25.35,32.87,66.31
7/14/2023 14:00,24.43,88.29,20.79,39.44,28.69,107.98
7/14/2023 15:00,32.25,121.13,25.41,30.1,31.99,156.21
7/14/2023 16:00,27.72,125.83,9.54,35.45,27.4,162.63
7/14/2023 17:00,29.46,107.96,5.22,33.37,26.95,130.72
7/14/2023 18:00,30.83,104.37,20.26,26.06,30.2,138.69
7/14/2023 19:00,50.86,166.14,2.75,30.09,55.47,189.37
7/14/2023 20:00,59.28,111.66,20.63,26.34,62.97,103.86
7/14/2023 21:00,35.75,53.33,17.28,27.09,28.76,46.87
7/14/2023 22:00,27.74,37.49,27.52,28.22,25.38,32.27
7/14/2023 23:00,18.37,32.9,30.27,26.32,21.62,27.71
7/15/2023 0:00,14.75,27.13,32.71,23.84,19.26,23.85
7/15/2023 1:00,13.71,26.09,28.79,24.2,17.24,23.5
7/15/2023 2:00,13.5,23.5,25.16,22.33,16.53,21.32
7/15/2023 3:00,12.82,22.08,26.18,20.17,16.48,19.75
7/15/2023 4:00,14.65,22.18,23.72,20.06,17.26,19.31
7/15/2023 5:00,15.76,21.94,22.65,19.81,17.57,19.25
7/15/2023 6:00,14.55,21.07,26.02,21.46,17.49,19.41
7/15/2023 7:00,13.92,20.84,25.39,20.44,16.84,19.46
7/15/2023 8:00,11.88,21.73,25.22,22.86,16.64,20.75
7/15/2023 9:00,12.37,19.65,32.08,23.25,18.06,19.7
7/15/2023 10:00,16.56,25.85,28.07,26.75,19.74,25.35
7/15/2023 11:00,18.82,31.35,33.18,28.42,23.06,30.94
7/15/2023 12:00,19.12,32.52,30.15,23.7,24.06,33.53
7/15/2023 13:00,20.42,60.38,28.37,26.46,26.85,70.86
7/15/2023 14:00,24.3,105.36,17.51,40.33,32.79,125.04
7/15/2023 15:00,31.59,203.55,17.89,104.5,41.29,229.88
7/15/2023 16:00,29.08,294.3,10.63,160.71,38.63,318.65
7/15/2023 17:00,23.87,259.72,17.74,131.76,31.22,282.73
7/15/2023 18:00,26.06,253.33,16.48,119.92,31.64,286
7/15/2023 19:00,47.15,296.54,3.57,125.03,56.89,322.76
7/15/2023 20:00,71.29,195.54,13.1,78.48,57.78,193.98
7/15/2023 21:00,38.75,76.98,16.72,39.62,29.34,71.07
7/15/2023 22:00,27.67,44.51,19.46,28.27,26.25,37.78
7/15/2023 23:00,30.13,36.59,18.88,30.57,24.1,32.05
7/16/2023 0:00,21.11,28.64,25.64,22.76,21.73,24.89
7/16/2023 1:00,29.28,27.61,21.73,21.79,21.5,24.16
7/16/2023 2:00,21.05,25.23,20.35,20.11,19.83,21.72
7/16/2023 3:00,19.26,23.14,19.41,19.13,19.21,20.61
7/16/2023 4:00,17.57,22.33,17.87,18.77,17.67,19.68
7/16/2023 5:00,16.08,21.43,16.13,18.87,16.1,19.28
7/16/2023 6:00,32.89,20.55,20.82,19.21,19.84,19.06
7/16/2023 7:00,19.41,19.87,18.86,19.17,18.82,19
7/16/2023 8:00,18.57,18.85,19.16,18.85,18.82,18.62
7/16/2023 9:00,16.28,19.58,25.23,20.63,19.43,19.71
7/16/2023 10:00,18.33,23.29,25.88,24.07,21.16,23.56
7/16/2023 11:00,24.7,26.88,25.07,27.41,24.87,27.37
7/16/2023 12:00,25.64,29.18,25.64,30.4,25.64,30.21
7/16/2023 13:00,26.64,37.12,26.64,40.15,26.64,40.09
7/16/2023 14:00,36.95,40.83,40.56,42.72,40.61,44.08
7/16/2023 15:00,28.46,81.85,29.85,80.01,29.12,89.23
7/16/2023 16:00,29.48,101.56,30.37,79.52,30.26,120.48
7/16/2023 17:00,32.02,117.64,20.43,83.92,36.81,132.66
7/16/2023 18:00,34.75,137.16,4.48,68.01,40.3,151.63
7/16/2023 19:00,75.77,202.84,8.76,62.43,92.89,226.22
7/16/2023 20:00,77.91,197.84,8.62,73.4,45.35,192.26
7/16/2023 21:00,66.54,67.4,21.69,38.73,37.12,54.33
7/16/2023 22:00,26.43,35.24,22.84,26.08,23.57,28.3
7/16/2023 23:00,21.63,26.33,20.83,21.86,19.92,23.02
7/17/2023 0:00,19.27,22.08,19.7,19.25,18.56,19.54
7/17/2023 1:00,16.9,19.96,17.2,18.2,17,18.1
7/17/2023 2:00,15.95,19.93,15.95,17.88,15.95,18
7/17/2023 3:00,15.02,18.45,15.02,17.09,15.02,17.15
7/17/2023 4:00,14.43,18.13,14.43,17.02,14.43,17.16
7/17/2023 5:00,14.88,18.79,14.88,17.63,14.88,17.69
7/17/2023 6:00,14.21,17.93,14.21,17.48,14.21,17.47
7/17/2023 7:00,13.31,17.31,13.31,17.19,13.31,17.21
7/17/2023 8:00,10.77,16.82,14.15,17.38,15.72,17.52
7/17/2023 9:00,6.73,14.93,16.08,17.81,20.32,17.97
7/17/2023 10:00,17.43,19.08,19.73,23.77,20.54,23.73
7/17/2023 11:00,27.67,24.22,23.27,27.5,23.28,28.75
7/17/2023 12:00,39.36,30.94,26.95,31.56,26.59,32.19
7/17/2023 13:00,34.82,60.5,34.82,59.78,34.82,60.57
7/17/2023 14:00,42.68,147.69,35,140.01,42.63,147.1
7/17/2023 15:00,42.35,234.08,32.11,196.1,31.83,241.25
7/17/2023 16:00,50.75,311.43,31.76,207.7,40.06,325.53
7/17/2023 17:00,50,231.41,23.4,162.98,49.73,244.16
7/17/2023 18:00,55.64,186.77,13.01,94.75,47.93,205.65
7/17/2023 19:00,111.7,323.56,7.08,174.04,137.87,334.73
7/17/2023 20:00,77.36,205.41,16.14,104.75,88.41,196.57
7/17/2023 21:00,30.96,51.83,25.06,30.96,28.26,42.4
7/17/2023 22:00,27.62,33.89,25.41,23.16,25.39,26.71
7/17/2023 23:00,23.68,25.3,21.91,20.37,21.71,21.19
7/18/2023 0:00,9.47,25.59,20.9,21.59,20.52,22.08
7/18/2023 1:00,3.28,22.05,18.29,18.7,17.95,18.9
7/18/2023 2:00,-0.41,20.88,16.82,17.36,16.18,17.35
7/18/2023 3:00,2.53,17.89,14.55,16,13.65,15.92
7/18/2023 4:00,4.18,16.75,14.94,15.71,13.84,15.63
7/18/2023 5:00,4.03,18.13,15.17,16.45,14.09,16.36
7/18/2023 6:00,18.38,17.07,16.49,17.05,16.28,15.92
7/18/2023 7:00,17.23,17.26,16.2,17.19,16,15.94
7/18/2023 8:00,9.36,14.12,15.52,17.14,16.05,16
7/18/2023 9:00,6.08,13.65,17.05,18.76,19.18,18.12
7/18/2023 10:00,5.39,11.57,18.67,20.91,22.02,20.59
7/18/2023 11:00,10.53,13.18,22.42,24.66,23.7,25.99
7/18/2023 12:00,15.84,14.69,23.25,30.6,24.31,33.74
7/18/2023 13:00,35.39,43.37,29.06,46.77,29.61,48.6
7/18/2023 14:00,42.24,56.96,34.61,52.55,30.75,56.46
7/18/2023 15:00,50.47,67.27,24.27,64.69,26.48,75.78
7/18/2023 16:00,47.48,74.29,24.06,63.23,29.32,82.8
7/18/2023 17:00,43.06,62.8,15.29,45.32,56.13,77.76
7/18/2023 18:00,52.12,72.76,14.41,41.12,84.18,92.56
7/18/2023 19:00,61.52,116.01,5.74,44.63,72.09,129.58
7/18/2023 20:00,47.83,102.13,7.66,41.06,42.38,97.95
7/18/2023 21:00,28.96,48.49,23.37,27.54,25.47,37.43
7/18/2023 22:00,26.57,34.18,24,26.58,24.84,27.89
7/18/2023 23:00,24.31,27.44,23.83,24.99,22.45,23.89
7/19/2023 0:00,9.17,22.86,22.03,23.11,21.23,21.26
7/19/2023 1:00,16.66,22.69,23,19.71,18.87,19.67
7/19/2023 2:00,13.86,20.1,19.42,18.63,17.13,18.06
7/19/2023 3:00,22.97,17.89,19.31,17.57,16.02,16.92
7/19/2023 4:00,2.6,18.81,19.64,17.32,15.56,17
7/19/2023 5:00,15.18,19.36,17.48,17.52,16.12,17.08
7/19/2023 6:00,18.24,15.41,18.06,17.48,17.18,15.88
7/19/2023 7:00,11.48,15.22,16.77,16.62,16.34,15.89
7/19/2023 8:00,3.35,8.61,19.31,18.26,17.54,16.73
7/19/2023 9:00,4.21,6.02,22.08,19.43,19.33,18.5
7/19/2023 10:00,8.6,5.48,22.98,21.74,19.11,21.93
7/19/2023 11:00,9.63,8.78,20.67,27.97,22.91,25.42
7/19/2023 12:00,27.35,13.72,21.85,29.07,22.48,29.55
7/19/2023 13:00,30.78,28.51,24.86,34.01,25.93,37.39
7/19/2023 14:00,33.79,41.25,27.67,38.57,29.09,49.31
7/19/2023 15:00,37.95,47.93,24.27,35.52,28.91,58.75
7/19/2023 16:00,43.6,50.96,18.12,29.43,25.02,66.46
7/19/2023 17:00,43.96,48.36,20.21,28.04,25.42,66.49
7/19/2023 18:00,44.99,59.17,15.7,26.22,29.28,81.07
7/19/2023 19:00,48.05,110.45,1.09,37.15,45.4,124.12
7/19/2023 20:00,44.57,88.7,3.43,32.4,45.55,84.5
7/19/2023 21:00,33.82,43.36,17.42,27.12,28.15,32.8
7/19/2023 22:00,28.34,32.95,21.52,26.8,24.36,27.9
7/19/2023 23:00,23.14,26.71,22.34,24.59,22.11,23.75
7/20/2023 0:00,20.74,24.82,20.02,20.38,19.75,21.38
7/20/2023 1:00,17.42,21.58,17.79,18.8,17.58,19.15
7/20/2023 2:00,16.55,19.44,17,18.02,16.71,17.82
7/20/2023 3:00,16.63,19.07,17.44,17.18,17,17.32
7/20/2023 4:00,17.45,19.95,18.06,17.95,17.71,18.15
7/20/2023 5:00,19.04,22.33,19.18,19.67,19.11,20.13
7/20/2023 6:00,20.28,24.68,20.28,21.85,20.28,22.6
7/20/2023 7:00,20.45,24.47,19.13,21.02,19.28,22.68
7/20/2023 8:00,16.21,23.39,18.51,19.64,18.16,21.46
7/20/2023 9:00,14.66,23.69,19,21.34,17.96,22.82
7/20/2023 10:00,19.54,26.82,22.22,26.34,21.28,27.31
7/20/2023 11:00,23.75,32.78,26.72,30.47,26.82,33.2
7/20/2023 12:00,26.24,51.3,29.33,50.07,29.32,53
7/20/2023 13:00,33.9,67.29,37.89,60.87,37.82,66.06
7/20/2023 14:00,45.61,116.66,52.17,98.38,52.81,117.1
7/20/2023 15:00,45.35,225.82,19.52,174.93,61.15,229.42
7/20/2023 16:00,41.65,298.72,10.9,230.06,52.5,307.97
7/20/2023 17:00,46.58,281.61,2.38,196.18,45.92,287.04
7/20/2023 18:00,72.53,269.51,2.03,148.97,79.52,281.11
7/20/2023 19:00,88.42,460.19,3.61,262.98,101.88,473.13
7/20/2023 20:00,93.63,298.13,16.22,167.82,89.65,290.54
7/20/2023 21:00,31.99,77.99,27.13,46.88,29.41,63.29
7/20/2023 22:00,25.79,37.47,25.58,27.5,25.63,30.88
7/20/2023 23:00,22.26,30.25,22.75,24.81,22.45,26.39
7/21/2023 0:00,18.95,23.03,19.2,21.25,19.04,21.41
7/21/2023 1:00,17.36,20.76,17.36,19.2,17.36,19.23
7/21/2023 2:00,15.74,18.55,16.22,18.54,16.2,17.99
7/21/2023 3:00,15.8,17.95,15.8,17.63,15.8,17.37
7/21/2023 4:00,16.45,17.89,16.45,17.52,16.45,17.42
7/21/2023 5:00,17.22,18.74,17.22,18.33,17.22,18.36
7/21/2023 6:00,18.31,18.98,18.31,18.62,18.31,18.74
7/21/2023 7:00,19.7,19.38,19.31,19.23,19.35,19.35
7/21/2023 8:00,19.3,19.28,19.3,19.13,19.3,19.39
7/21/2023 9:00,20.26,20.82,20.26,20.81,20.26,21.12
7/21/2023 10:00,24.67,26.78,24.67,26.75,24.67,27.15
7/21/2023 11:00,27.14,31.88,27.14,31.71,27.14,32.21
7/21/2023 12:00,31.2,46.08,31.2,45.94,31.2,46.45
7/21/2023 13:00,33.86,93.14,33.86,92.14,33.86,93.31
7/21/2023 14:00,40.35,173.38,40.35,142.87,40.35,171.16
7/21/2023 15:00,48.91,288.72,38.49,255.81,48.85,284.01
7/21/2023 16:00,37.03,306.4,27.65,223.01,45.86,303.43
7/21/2023 17:00,30.13,227.27,27.21,164.21,30.13,225.9
7/21/2023 18:00,27.8,168.46,21.55,101.65,27.81,166.99
7/21/2023 19:00,30.4,226.98,20.18,124.79,28.28,215.65
7/21/2023 20:00,42.03,124.14,25.9,68.95,30.48,111.87
7/21/2023 21:00,31.09,50.64,25.73,37.38,26.71,41.26
7/21/2023 22:00,27.23,33.65,24.82,28.03,26.07,29.36
7/21/2023 23:00,25.95,27.98,26.25,24.4,26.04,25.29
7/22/2023 0:00,24.47,25.03,24.98,22.99,24.67,23.4
7/22/2023 1:00,24.44,23.9,23.7,22.1,24.08,22.39
7/22/2023 2:00,23.07,22.46,23.07,20.57,23.07,20.74
7/22/2023 3:00,23.1,22.18,23.1,20.53,23.1,20.57
7/22/2023 4:00,23.16,21.05,22.98,19.3,22.96,19.38
7/22/2023 5:00,23.86,21.51,23.17,19.73,23.18,19.71
7/22/2023 6:00,26.48,20.85,22.31,18.8,22.26,18.75
7/22/2023 7:00,21.06,19.47,20.33,18.39,20.39,18.37
7/22/2023 8:00,19.7,18.31,19.7,18.35,19.7,18.44
7/22/2023 9:00,20.4,19.87,20.4,19.99,20.4,20.17
7/22/2023 10:00,25.03,25.05,25.03,25.18,25.03,25.4
7/22/2023 11:00,28.48,29.79,28.48,30.05,28.48,30.29
7/22/2023 12:00,28.5,37.49,28.61,38.91,28.64,39.2
7/22/2023 13:00,30.5,52.53,30.82,53.56,30.87,54.21
7/22/2023 14:00,32.87,79.63,32.87,66.22,32.87,82.3
7/22/2023 15:00,36.74,137.72,37.54,110.45,37.74,140.65
7/22/2023 16:00,45.71,165.97,46.1,118.76,45.97,167.54
7/22/2023 17:00,45.69,158.7,42.73,110.3,45.78,157.27
7/22/2023 18:00,56.24,159.89,54.8,89.89,56.2,163.35
7/22/2023 19:00,81.27,229.6,63.53,125.08,77.38,228.89
7/22/2023 20:00,113.63,161.78,35.27,94.21,62.92,150.47
7/22/2023 21:00,86.54,54.27,44.73,37.61,43.42,41.25
7/22/2023 22:00,47.79,39.05,30.54,28.72,30.19,31.09
7/22/2023 23:00,38.29,29.82,27.74,25.44,26.6,26.34
7/23/2023 0:00,35.68,27.98,25.88,25.04,24.73,25.25
7/23/2023 1:00,28.66,26.4,22.6,23.25,21.89,23.4
7/23/2023 2:00,25,24.2,19.72,21.21,19.1,21.29
7/23/2023 3:00,20.35,21.97,17.44,19.93,17.11,19.86
7/23/2023 4:00,19.13,21.84,17.07,19.17,16.9,18.98
7/23/2023 5:00,16.11,21.79,16.11,19.39,16.11,19.22
7/23/2023 6:00,14.63,21.57,14.63,18.68,14.63,18.48
7/23/2023 7:00,16.03,19.99,16.03,18.48,16.03,18.38
7/23/2023 8:00,16.21,18.3,16.21,18.22,16.21,18.22
7/23/2023 9:00,18.24,20.09,18.24,20.02,18.24,20.01
7/23/2023 10:00,23.99,25.86,23.99,25.8,23.99,25.8
7/23/2023 11:00,26.79,30.05,26.79,30.02,26.79,30
7/23/2023 12:00,27.94,36.44,30.52,37.52,30.41,37.47
7/23/2023 13:00,32.84,55.22,34.83,55.56,35.32,55.96
7/23/2023 14:00,31.97,76.66,32.77,73,32.97,76.38
7/23/2023 15:00,48.41,151.25,49.1,114.4,49.28,149.59
7/23/2023 16:00,31.47,232.78,28.65,139.27,33.55,229.06
7/23/2023 17:00,26.13,223.36,29.78,137.48,30.14,216.52
7/23/2023 18:00,30.63,224.58,30.7,118.29,31,217.36
7/23/2023 19:00,43.18,310.7,22.82,101.94,34.68,302.56
7/23/2023 20:00,47.38,171.53,25.88,95.84,33.66,160.1
7/23/2023 21:00,29.34,50.9,25.79,38.99,25.63,40.78
7/23/2023 22:00,25.5,33.11,22.62,27.26,22.33,27.88
7/23/2023 23:00,22.35,27.5,19.34,24.07,19.07,24.28
7/24/2023 0:00,20.53,22.4,17.02,19.38,16.74,19.16
7/24/2023 1:00,1.34,20.85,14.06,18.01,13.49,17.78
7/24/2023 2:00,8.7,20.54,11.93,17.73,11.63,17.48
7/24/2023 3:00,10.47,19.76,9.12,17.1,8.97,16.88
7/24/2023 4:00,13.73,19.96,12.27,17.47,12.11,17.27
7/24/2023 5:00,16.04,20.83,14.45,18.27,14.27,18.08
7/24/2023 6:00,18.6,19.81,17.18,17.67,17.04,17.54
7/24/2023 7:00,17.76,18.35,17.03,17.56,16.96,17.53
7/24/2023 8:00,16.35,17.58,17.63,17.75,17.36,17.79
7/24/2023 9:00,16.48,18.84,19.32,18.92,18.85,19
7/24/2023 10:00,37.34,22.89,22.42,23.02,22.01,23.09
7/24/2023 11:00,36.51,29.24,30.74,29.5,30.47,29.74
7/24/2023 12:00,32.23,33.52,31.37,34.01,31.28,34.27
7/24/2023 13:00,43.81,54.37,44.06,52.19,44.12,54.37
7/24/2023 14:00,39.73,77.9,39.73,62.91,39.73,77.18
7/24/2023 15:00,47.04,150.72,43.38,104.72,46.89,148.97
7/24/2023 16:00,49.49,150.49,16.86,65.56,59.61,148.29
7/24/2023 17:00,33.94,147.62,12.2,103.09,36.47,142.07
7/24/2023 18:00,38.56,119.02,4.41,94.49,30.18,117.7
7/24/2023 19:00,92.45,161.35,26.68,109.12,68.38,157.11
7/24/2023 20:00,73.7,91.22,44.77,66.76,53.82,78.48
7/24/2023 21:00,42.7,41.05,31.7,32.88,30.67,33.04
7/24/2023 22:00,30.08,35.01,27.01,28.14,26.05,28.15
7/24/2023 23:00,-43.79,27.45,26.4,21.94,24.03,21.74
7/25/2023 0:00,-43.4,15.36,25.04,21.55,22.72,21.04
7/25/2023 1:00,-42.09,15.69,22.3,18.96,20.16,18.53
7/25/2023 2:00,-41.13,14.64,19.65,17.04,17.64,16.68
7/25/2023 3:00,-40.55,12.84,18.31,16.28,16.38,15.92
7/25/2023 4:00,-18.54,15.53,17.82,16.28,16.51,16.01
7/25/2023 5:00,20.81,19.54,18.34,17.51,18.12,17.33
7/25/2023 6:00,20.84,19.26,18.66,17.38,18.41,17.24
7/25/2023 7:00,20.78,18.35,18.63,16.94,18.38,16.92
7/25/2023 8:00,19.19,13.44,18.12,17.59,17.99,17.33
7/25/2023 9:00,20.46,8.98,19.35,18.51,19.25,17.94
7/25/2023 10:00,35.04,13.23,25.67,23.34,25.28,22.08
7/25/2023 11:00,28.38,20.69,28.19,27.86,28.2,28.01
7/25/2023 12:00,32.99,25.07,32.99,29.94,32.99,29.79
7/25/2023 13:00,36.54,28.85,27.07,32.73,26.71,32.93
7/25/2023 14:00,43.57,41.72,29.26,42.76,29.06,44.07
7/25/2023 15:00,41.56,57.15,24.29,54.78,26.36,60.56
7/25/2023 16:00,40.03,55.71,22.24,49.05,28.65,58.34
7/25/2023 17:00,44.48,44.46,15.89,36.1,28.12,46.3
7/25/2023 18:00,35.22,50.18,3.96,32.38,28.65,51.46
7/25/2023 19:00,71.17,84.81,7.17,44.3,63.41,82.14
7/25/2023 20:00,88.34,76.15,39.12,37.54,68.38,68.08
7/25/2023 21:00,62.02,39.09,40.77,29.99,42.31,32.04
7/25/2023 22:00,42.07,33.39,36.13,26.97,35.53,28.18
7/25/2023 23:00,31.26,26.59,28.62,21.25,28.34,22.24
7/26/2023 0:00,27.52,26.06,25.04,22.06,24.77,22.28
7/26/2023 1:00,26.33,23.07,23.95,20.13,23.69,20.23
7/26/2023 2:00,24.93,20.38,22.67,17.92,22.42,17.88
7/26/2023 3:00,23.37,19.75,21.52,17.71,21.32,17.65
7/26/2023 4:00,22.77,19.62,21.01,17.65,20.82,17.57
7/26/2023 5:00,21.45,20.63,20.72,18.89,20.64,18.82
7/26/2023 6:00,22.47,20.6,22.47,18.95,22.47,18.87
7/26/2023 7:00,21.22,18.78,21.24,17.94,21.25,17.92
7/26/2023 8:00,19.87,16.33,19.87,17.81,19.87,18.07
7/26/2023 9:00,23.44,11.52,21.62,18.76,21.54,18.91
7/26/2023 10:00,31.35,11.1,24.34,23.1,24.26,23.42
7/26/2023 11:00,30.47,22.51,25.17,29.15,26.72,30.11
7/26/2023 12:00,46.75,27.11,34.82,30.06,36.66,30.43
7/26/2023 13:00,52.88,40.59,39.69,39.99,41.54,40.36
7/26/2023 14:00,57.29,42.65,44.85,39.4,51.81,42.34
7/26/2023 15:00,60.83,59.95,48.29,45.86,56.67,60.42
7/26/2023 16:00,68.05,62.62,47.36,46.44,68.02,67.87
7/26/2023 17:00,56.91,61.26,16.43,35.71,70.57,64.42
7/26/2023 18:00,56.91,74.29,8.75,34.38,64.71,74.34
7/26/2023 19:00,137.21,101.83,13.92,42.46,165.95,102.38
7/26/2023 20:00,87.4,86.37,11.94,39.29,83.51,77.57
7/26/2023 21:00,53.42,46.16,21.63,30,37.95,36.52
7/26/2023 22:00,37.13,39.66,31.83,29.42,31.6,31.95
7/26/2023 23:00,34.42,32.25,30.02,25.78,29.53,26.95
7/27/2023 0:00,27.86,29.67,24.6,26.34,24.23,26.65
7/27/2023 1:00,24.13,27.08,22.27,24.55,22.07,24.85
7/27/2023 2:00,22.07,25.1,20.28,22.8,20.08,23.08
7/27/2023 3:00,21.17,22.52,19.6,20.99,19.42,21.04
7/27/2023 4:00,18.67,21.47,18.67,20.28,18.67,20.24
7/27/2023 5:00,19.32,22.37,19.32,21.49,19.32,21.42
7/27/2023 6:00,20.94,22.2,20.94,21.51,20.94,21.45
7/27/2023 7:00,21.04,20.76,21.04,20.45,21.04,20.42
7/27/2023 8:00,20.96,20.9,20.65,20.82,20.84,20.84
7/27/2023 9:00,21.74,19.4,21.71,19.53,21.82,19.74
7/27/2023 10:00,23.5,23.21,24,25.02,24.27,25.5
7/27/2023 11:00,42.27,29.35,42.1,29.32,42.23,29.78
7/27/2023 12:00,42.65,33.59,42.65,33.6,42.65,34.21
7/27/2023 13:00,32.59,47.38,30.68,46.41,34,48.1
7/27/2023 14:00,33.31,53.88,26.89,51.64,33.36,54.33
7/27/2023 15:00,40.91,71.74,28.28,60.29,45.91,73.52
7/27/2023 16:00,33.96,73.47,10.6,53.76,37.07,79.04
7/27/2023 17:00,34.35,61.64,4.04,41.61,37.45,63.99
7/27/2023 18:00,26.6,65.68,3.65,35.76,30.6,67.69
7/27/2023 19:00,53.67,111.34,3.07,48.68,51.14,107.19
7/27/2023 20:00,58.73,104.84,7.51,47.28,47.9,90.33
7/27/2023 21:00,41.25,53.09,21.49,38.04,28.88,41.06
7/27/2023 22:00,34.19,37.85,23.05,29.35,26.76,30.89
7/27/2023 23:00,27.8,31.55,25.59,27.16,25.66,27.93
7/28/2023 0:00,20.21,26.91,23.9,23.03,21.11,23.42
7/28/2023 1:00,19.98,24.29,20.2,21.8,20.06,21.79
7/28/2023 2:00,18.49,21.57,18.49,19.84,18.49,19.79
7/28/2023 3:00,18.11,20.46,18.11,18.87,18.11,18.73
7/28/2023 4:00,18.66,19.83,18.66,18.56,18.66,18.44
7/28/2023 5:00,19.36,20.16,19.36,19,19.36,18.89
7/28/2023 6:00,19.3,19.83,19.3,19.19,19.3,19.14
7/28/2023 7:00,19.94,19.06,19.44,18.86,19.4,18.85
7/28/2023 8:00,18.7,18.86,18.7,18.83,18.7,18.83
7/28/2023 9:00,11.19,18.16,19.66,19.14,19.42,19.13
7/28/2023 10:00,22.51,23.86,22.39,24.25,22.47,24.45
7/28/2023 11:00,27.24,28.41,27.21,28.37,27.23,28.51
7/28/2023 12:00,38.68,35.23,38.68,35.05,38.68,34.94
7/28/2023 13:00,51.19,50.24,43.51,49.23,51.03,50.29
7/28/2023 14:00,60.96,61.02,24.2,55.13,50.82,60.77
7/28/2023 15:00,70.75,71.76,20.86,57.92,75.68,71.2
7/28/2023 16:00,64.76,89.76,15.8,64.7,77.47,91.63
7/28/2023 17:00,65.57,69.32,10.85,39.77,73.39,70.02
7/28/2023 18:00,52.74,71.44,2.72,30.83,46.4,73.29
7/28/2023 19:00,78.09,135.58,5,49.85,80.11,131.01
7/28/2023 20:00,58.95,107.06,22.69,49.64,42.61,95.84
7/28/2023 21:00,29.16,48.9,27.15,33.03,27.48,38.55
7/28/2023 22:00,27.92,35.38,26.99,27.48,26.89,28.97
7/28/2023 23:00,25.85,28.22,24.34,23.88,24.17,24.5
7/29/2023 0:00,23.91,22.3,22.27,20.75,22.09,20.6
7/29/2023 1:00,23.43,21.15,21.52,19.74,21.31,19.64
7/29/2023 2:00,21.37,19.86,19.61,18.64,19.42,18.56
7/29/2023 3:00,18.41,19.11,17.73,17.83,17.66,17.85
7/29/2023 4:00,17.38,18.54,17.38,17.35,17.38,17.33
7/29/2023 5:00,18.44,18.49,18.44,17.45,18.44,17.42
7/29/2023 6:00,17.75,18.15,17.75,17.67,17.75,17.66
7/29/2023 7:00,17.05,17.23,17.05,17.09,17.05,17.09
7/29/2023 8:00,17.04,17.24,17.04,17.25,17.04,17.25
7/29/2023 9:00,18.33,17.21,18.34,17.79,18.33,17.77
7/29/2023 10:00,21.57,22.65,21.58,23.24,21.57,23.3
7/29/2023 11:00,33.84,30.56,33.84,30.44,33.84,30.49
7/29/2023 12:00,27.9,36.35,27.9,36.28,27.9,36.36
7/29/2023 13:00,32.33,47.31,32.33,45.68,32.33,47.21
7/29/2023 14:00,34.2,58.2,32.2,53.59,34.82,58.5
7/29/2023 15:00,49.7,84.88,32.87,71.05,55.67,85.75
7/29/2023 16:00,42.05,107.25,19.55,87.36,50.18,109.03
7/29/2023 17:00,31.63,93.33,17.44,55.63,30.28,98.76
7/29/2023 18:00,33.34,93.4,17.11,58.48,30.69,97.19
7/29/2023 19:00,56.04,168.49,17.76,86.22,54.6,164.29
7/29/2023 20:00,64.16,123,25.1,61.74,44.04,115.72
7/29/2023 21:00,29.31,49.55,27.73,37.5,28.5,40.73
7/29/2023 22:00,26.73,36.69,26.8,30.54,26.76,31.99
7/29/2023 23:00,25.73,28.71,25.73,25.48,25.73,26.15
7/30/2023 0:00,21.57,24.64,21.57,22.52,21.57,22.74
7/30/2023 1:00,19.66,20.29,19.66,18.95,19.66,19.04
7/30/2023 2:00,18.52,19.38,18.52,18.13,18.52,18.1
7/30/2023 3:00,17.83,18.72,17.83,17.33,17.83,17.28
7/30/2023 4:00,17.6,18.54,17.6,17.05,17.6,16.95
7/30/2023 5:00,17.58,17.67,17.58,16.6,17.58,16.51
7/30/2023 6:00,17.44,15.95,17.44,15.26,17.44,15.21
7/30/2023 7:00,16.54,15.23,16.54,15.08,16.54,15.07
7/30/2023 8:00,16.55,15,16.55,15,16.55,15
7/30/2023 9:00,18.49,16.48,18.49,16.48,18.49,16.48
7/30/2023 10:00,24.14,21.29,24.14,21.28,24.14,21.29
7/30/2023 11:00,31.7,27.49,31.7,27.46,31.7,27.49
7/30/2023 12:00,38.11,30.45,38.11,30.43,38.11,30.46
7/30/2023 13:00,29.24,46.69,29.24,46.61,29.24,46.7
7/30/2023 14:00,56.59,57.43,56.59,56.22,56.59,57.37
7/30/2023 15:00,75.01,86.71,75.01,77.62,75.01,86.56
7/30/2023 16:00,74.45,145.2,74.45,116.3,74.45,145.38
7/30/2023 17:00,72.92,127.95,67.62,83.98,72.74,131.3
7/30/2023 18:00,72.62,142.69,54.57,78.71,72.24,150.35
7/30/2023 19:00,150.6,296.88,46.56,130.08,171.92,302.78
7/30/2023 20:00,97.73,200.58,60.79,96.29,76.34,188.24
7/30/2023 21:00,42.86,65.74,39.92,42.07,41.01,51.78
7/30/2023 22:00,36.73,45.33,37.57,34.23,37.05,37.76
7/30/2023 23:00,28.94,34.02,29.01,27.5,28.97,29.32
7/31/2023 0:00,24.31,26.4,24.31,24.16,24.31,24.42
7/31/2023 1:00,22.18,23.69,22.18,22.09,22.18,22.15
7/31/2023 2:00,20.33,20.77,20.33,19.2,20.33,19.17
7/31/2023 3:00,19.36,19.52,19.36,18.33,19.36,18.27
7/31/2023 4:00,19.06,20.01,19.06,18.34,19.06,18.22
7/31/2023 5:00,19.77,20.33,19.77,19.03,19.77,18.94
7/31/2023 6:00,20.88,20.47,20.88,19.45,20.88,19.39
7/31/2023 7:00,21.04,19.5,21.04,19.13,21.04,19.1
7/31/2023 8:00,21.09,16.17,21.09,19.02,21.09,19.02
7/31/2023 9:00,23.15,22,23.15,22,23.15,22
7/31/2023 10:00,28.56,28.14,28.56,28.09,28.56,28.15
7/31/2023 11:00,55.64,44.61,55.64,44.59,55.64,44.63
7/31/2023 12:00,51.99,49.2,51.99,50.46,51.99,50.59
7/31/2023 13:00,74.71,84.69,7.49,82.76,74.33,85.29
7/31/2023 14:00,70.84,161.85,59.78,144.51,70.78,161.63
7/31/2023 15:00,75.02,274.2,66.22,226.85,74.97,273.48
7/31/2023 16:00,176.64,602.05,44.26,510.5,179.56,600.54
7/31/2023 17:00,78.76,430.53,63.89,255.97,80.25,428.17
7/31/2023 18:00,1147.66,285.81,59.21,185.44,1352.7,293.94
7/31/2023 19:00,2081.52,1006.53,50.08,311.9,2376.83,1015.55
7/31/2023 20:00,185.55,499.07,62.13,237.61,155.24,488.88
7/31/2023 21:00,52.62,74.49,52.41,54.1,52.25,63.8
7/31/2023 22:00,32.23,41.18,30.39,33.74,30.02,35.49
7/31/2023 23:00,27.08,31.34,25.01,27.27,24.78,28.04
8/1/2023 0:00,24.26,28.31,23.29,25.45,23.06,25.79
8/1/2023 1:00,1.88,17.33,23.41,22.98,22.41,22.96
8/1/2023 2:00,26.68,21.13,21.68,19.31,21.23,19.23
8/1/2023 3:00,21.81,11.97,19.9,19.31,19.69,19.15
8/1/2023 4:00,21.78,19.49,20.01,19.11,19.81,18.97
8/1/2023 5:00,23.74,21.45,21.89,20.03,21.69,19.91
8/1/2023 6:00,24.47,19.27,22.66,18.13,22.46,18.14
8/1/2023 7:00,21.61,17.97,21.07,17.71,21.01,18.11
8/1/2023 8:00,20.98,16.99,20.98,18.6,20.98,18.37
8/1/2023 9:00,55.19,13.75,23.16,22.65,22.25,20.72
8/1/2023 10:00,68.98,21.63,26.63,25.4,25.44,24.42
8/1/2023 11:00,57.69,34.49,53.86,34.33,56.79,34.49
8/1/2023 12:00,57.35,43.34,50.2,48.59,57.31,50.87
8/1/2023 13:00,186.77,64.88,78.06,67.95,186.15,72.43
8/1/2023 14:00,88.05,96.62,74.79,92.14,83.52,99.61
8/1/2023 15:00,101.94,115.49,64.99,85.36,79.98,123.92
8/1/2023 16:00,44.99,130.34,47.87,91.29,48.51,139.98
8/1/2023 17:00,29.39,116.51,30.51,93.14,30.49,141.35
8/1/2023 18:00,34.09,77.47,21.16,45.55,30.69,114.48
8/1/2023 19:00,57.24,196.21,22,104.31,41.99,195.73
8/1/2023 20:00,79.58,154.36,42.85,89.05,57.56,143.11
8/1/2023 21:00,112.5,53.83,109.11,39.46,108.74,45.07
8/1/2023 22:00,46.68,37.31,43.87,33.37,43.73,34.3
8/1/2023 23:00,31.83,31.31,29.63,28.63,29.39,29.21
8/2/2023 0:00,28.98,23.02,26.5,24.05,26.24,23.79
8/2/2023 1:00,26.74,17.09,24.78,23.27,24.57,23.08
8/2/2023 2:00,24.4,20.42,23.38,21.34,23.27,21.22
8/2/2023 3:00,23.06,20.4,23.06,20.14,23.06,20
8/2/2023 4:00,23.5,21.85,23.5,20.57,23.5,20.44
8/2/2023 5:00,24.28,22.52,24.28,21.17,24.28,21.03
8/2/2023 6:00,24.39,21.89,24.39,20.29,24.39,20.14
8/2/2023 7:00,22.98,20.01,22.98,19.19,22.98,19.11
8/2/2023 8:00,22.54,18.69,22.54,20.06,22.54,19.36
8/2/2023 9:00,13.07,17.96,23.75,22.24,23.37,20.66
8/2/2023 10:00,3.52,22.3,27.24,27.45,25.77,26.98
8/2/2023 11:00,9.2,35.87,34.64,34.25,32.98,34.2
8/2/2023 12:00,57.57,37.64,64.03,41.08,65,41.35
8/2/2023 13:00,100.43,65.3,49.5,58.53,100.95,66.35
8/2/2023 14:00,116.43,89.96,28.87,55.06,120.02,91.53
8/2/2023 15:00,87.27,112.37,69.42,60.2,93.04,115.02
8/2/2023 16:00,73.21,130.77,66.91,59.44,79.76,135.58
8/2/2023 17:00,59.21,109.05,51.25,60.28,60.15,115.01
8/2/2023 18:00,45.99,118.59,19.85,47.81,60.91,121.57
8/2/2023 19:00,136.72,200.4,20.84,58.5,174.82,197.45
8/2/2023 20:00,122.07,149.79,27.4,56.61,138.33,140.29
8/2/2023 21:00,35.62,54.82,31.42,37.34,33.11,45.27
8/2/2023 22:00,32.55,38.46,30.48,29.13,31.55,30.98
8/2/2023 23:00,24.51,30.23,24.37,26.16,24.35,26.94
8/3/2023 0:00,25.09,27.5,23.66,25.31,23.5,25.43
8/3/2023 1:00,24.43,22.25,22.17,23,21.92,22.89
8/3/2023 2:00,4.32,20.51,21.42,21.73,20.71,21.58
8/3/2023 3:00,-0.33,15.5,21.26,20.4,20.44,20.24
8/3/2023 4:00,1.65,18.46,21.66,20.34,20.88,20.19
8/3/2023 5:00,25.62,16.82,23.32,21.81,23.07,21.66
8/3/2023 6:00,26.22,15.38,23.85,21.49,23.58,21.33
8/3/2023 7:00,23.25,13.99,21.48,21.62,21.28,21.53
8/3/2023 8:00,13.87,8.04,19.29,21.67,19.1,21.31
8/3/2023 9:00,-5.36,13.58,23.44,22.47,18.38,21.43
8/3/2023 10:00,30.9,19.22,33.7,27.36,19.31,26.76
8/3/2023 11:00,62.7,27.44,43.76,31.32,23.14,31.25
8/3/2023 12:00,46.71,44,39.32,43.48,38.19,45.02
8/3/2023 13:00,95.38,74.57,7.74,64.83,91.37,75.54
8/3/2023 14:00,94.39,148.18,20.14,71.25,90.85,147.19
8/3/2023 15:00,132.09,244.33,20.62,113.17,119.55,245.37
8/3/2023 16:00,69.32,286.61,12.2,136.39,85.72,293.95
8/3/2023 17:00,68.62,191.68,2.97,110.42,76.96,198.84
8/3/2023 18:00,114.8,188.76,6.64,55.77,147.97,196.77
8/3/2023 19:00,364.28,338.36,16.79,76.19,341.71,337.86
8/3/2023 20:00,283.29,203.65,14.64,70.56,263.29,192.76
8/3/2023 21:00,37.43,61.55,21.27,36.97,32.21,48.69
8/3/2023 22:00,28.4,41.82,20.45,27.78,24.93,34.24
8/3/2023 23:00,23.68,32.71,24.38,25.94,22.82,27.99
8/4/2023 0:00,22.93,27.29,21.45,24.62,21.6,24.75
8/4/2023 1:00,21.38,23.62,19.64,21.32,19.47,21.49
8/4/2023 2:00,19.82,21.17,18.17,19.41,17.99,19.39
8/4/2023 3:00,19.54,20.05,17.84,18.7,17.65,18.55
8/4/2023 4:00,19.9,20.14,18.27,18.82,18.09,18.74
8/4/2023 5:00,19.19,21.55,19.09,20.29,19.08,20.27
8/4/2023 6:00,21.06,21.52,21.06,20.2,21.06,20.16
8/4/2023 7:00,20.52,20.62,20.52,19.91,20.52,19.92
8/4/2023 8:00,18.66,19.59,18.41,19.88,18.6,19.86
8/4/2023 9:00,16.6,14.5,14.45,20.08,16.1,20.13
8/4/2023 10:00,21.55,20.55,21.15,23.87,21.36,23.85
8/4/2023 11:00,49.51,29.2,45.38,27.38,47.41,28.12
8/4/2023 12:00,70.61,51.33,50.98,44.88,71.19,49.81
8/4/2023 13:00,176.18,101.83,36.71,65.03,168.38,100.63
8/4/2023 14:00,450.86,255.07,13.36,61.72,566.93,258.17
8/4/2023 15:00,803.27,338.2,20.73,99.74,1033.32,344.28
8/4/2023 16:00,1989.5,421.94,21.09,141.53,2374.38,434.65
8/4/2023 17:00,912.84,342.53,12.65,172.96,1172.63,355.9
8/4/2023 18:00,1246.72,374.28,16.88,167.91,1565.45,385.01
8/4/2023 19:00,1011.64,723.96,16.35,159.31,1262.15,742.2
8/4/2023 20:00,195.88,357.47,10.08,53.75,230.21,357.87
8/4/2023 21:00,51.55,69.56,19.18,31.4,62.88,62.17
8/4/2023 22:00,32.62,43.84,26,29.28,29.09,36.21
8/4/2023 23:00,27.11,32.71,25.34,28.09,24.92,28.5
8/5/2023 0:00,25.07,27.79,24.42,24.13,23.51,24.99
8/5/2023 1:00,23.72,23.61,22.78,20.98,22.05,21.46
8/5/2023 2:00,21.66,20.2,20.29,18.41,19.83,18.42
8/5/2023 3:00,19.57,17.81,18.77,16.41,17.93,16.51
8/5/2023 4:00,17.75,17.36,18.01,16.09,16.47,16.1
8/5/2023 5:00,15.47,17.42,18.46,16.3,16,16.29
8/5/2023 6:00,15.25,15.51,19.67,14.48,16.33,14.48
8/5/2023 7:00,15.99,14.95,18.01,14.44,16.48,14.45
8/5/2023 8:00,15.22,14.7,19.32,14.76,16.23,14.65
8/5/2023 9:00,13.31,11.8,23.61,17.17,16.46,16.76
8/5/2023 10:00,16.62,14.66,26.38,21.35,20.32,21.12
8/5/2023 11:00,20.99,24.81,27.39,27.22,22.6,27.38
8/5/2023 12:00,37.39,31.46,19.38,30.04,25.61,32.51
8/5/2023 13:00,35,49.55,22.27,41.53,33.19,51.33
8/5/2023 14:00,40.99,85.97,36.91,48.36,42,87.38
8/5/2023 15:00,40.89,108.93,22.61,63.23,45.34,110.47
8/5/2023 16:00,37.15,135.7,16.62,56.49,48.4,139.09
8/5/2023 17:00,68.45,135.31,9.77,57.28,122.42,140.53
8/5/2023 18:00,53.66,147.27,4.2,57.49,69.09,161.52
8/5/2023 19:00,76.64,257.13,6.61,38.53,89.85,289.01
8/5/2023 20:00,48.52,182.01,7.19,38.54,51.04,178.34
8/5/2023 21:00,30.4,48.03,21.47,25.92,27.14,42.43
8/5/2023 22:00,28.75,39.06,27.96,28.97,25.98,30.69
8/5/2023 23:00,26.24,30.87,25.15,25.99,23.94,26.75
8/6/2023 0:00,22.89,26.33,21.48,23.33,21.02,23.04
8/6/2023 1:00,21.13,22.79,19.71,20.44,19.3,20.18
8/6/2023 2:00,17.12,20.87,17.51,17.92,17.1,17.7
8/6/2023 3:00,16.76,18.05,17.37,16.68,16.77,16.36
8/6/2023 4:00,18.37,18.23,19.45,16.14,18.66,16.08
8/6/2023 5:00,18.11,17.58,19.43,15.85,18.43,15.93
8/6/2023 6:00,18.3,17.02,18.38,15.3,18.32,15.48
8/6/2023 7:00,17.65,16.33,17.65,15.44,17.65,15.61
8/6/2023 8:00,13.56,14.51,15.72,16.02,15.09,15.96
8/6/2023 9:00,8.72,9.55,18.51,17.89,15.38,17.49
8/6/2023 10:00,29.62,20.43,19.62,21.51,18.38,21.19
8/6/2023 11:00,33.36,26.92,21.6,25.63,21.47,26.51
8/6/2023 12:00,35.83,34.29,23.49,27.28,23.74,36.17
8/6/2023 13:00,26.77,79.82,21.46,44.56,24.77,87.6
8/6/2023 14:00,25.9,190.2,17.23,81.98,27.06,210.05
8/6/2023 15:00,31.28,499.62,5.18,89.38,30.17,543.16
8/6/2023 16:00,39.49,1125.48,2.06,64.09,46.36,1181.07
8/6/2023 17:00,66.98,1399.01,2.17,101.2,94.26,1502.32
8/6/2023 18:00,164.93,1843.32,7.5,89.66,213.31,1985.55
8/6/2023 19:00,1306.73,2364.79,-22.05,36.17,1656.36,2567.59
8/6/2023 20:00,246.72,1326.12,4.15,70.29,315.36,1467.98
8/6/2023 21:00,36.43,112.71,13.5,30.98,30.27,116.56
8/6/2023 22:00,27.44,43.37,24.56,26.22,24.86,37.03
8/6/2023 23:00,25.63,33.39,25.09,24.91,24.13,27.1
8/7/2023 0:00,24.88,26.46,25.05,21.93,23.04,22.84
8/7/2023 1:00,21.14,22.98,21.62,19.56,20.47,20.4
8/7/2023 2:00,18.49,21.39,20.16,18.21,18.98,18.89
8/7/2023 3:00,20.22,19.81,23.3,17.5,20.98,18.02
8/7/2023 4:00,21.41,20.06,24.2,17.95,22.11,18.4
8/7/2023 5:00,24.46,21.41,25.48,19.41,24.6,19.93
8/7/2023 6:00,24.6,23.33,25.11,21.7,24.79,22.2
8/7/2023 7:00,24.04,22.93,25.55,21.37,24.02,21.97
8/7/2023 8:00,22.01,20.37,26.05,20.07,22.25,20.05
8/7/2023 9:00,16.47,21.22,26.49,22.21,19.45,21.04
8/7/2023 10:00,21.81,24.76,29.97,25.17,24.01,24.38
8/7/2023 11:00,36.8,37.63,26.34,29.74,26.26,36.7
8/7/2023 12:00,47.73,55.91,47.15,40,46.89,58.83
8/7/2023 13:00,69.92,156.56,4.76,106.7,69.57,166.42
8/7/2023 14:00,124.58,477.08,13.72,301.64,118.53,511.24
8/7/2023 15:00,530.86,864.41,15.06,339.99,317.28,913.68
8/7/2023 16:00,1245.82,514.97,8.36,254,988.57,575.17
8/7/2023 17:00,610.47,380.39,5.91,166.99,486.34,436.93
8/7/2023 18:00,777.45,274.76,25.59,102.22,707.02,318.46
8/7/2023 19:00,1025.34,431.64,12.41,117.04,1058.68,514.11
8/7/2023 20:00,139.75,166.49,10.22,29.57,105.82,191.32
8/7/2023 21:00,40.58,52.67,10.08,24.5,38.76,50.89
8/7/2023 22:00,37.62,34.91,43.8,26.09,38.14,29.11
8/7/2023 23:00,36.23,28.72,39.72,22.38,34.8,24.09
8/8/2023 0:00,33.09,30.16,33.63,26.43,33.18,26.59
8/8/2023 1:00,21.27,28.42,32.3,24.06,32.48,24.91
8/8/2023 2:00,42.69,27.29,38.8,22.69,37.27,23.77
8/8/2023 3:00,23.71,26.41,22.64,22.84,22.42,23.66
8/8/2023 4:00,26.25,23.65,23.69,20.78,22.89,21.44
8/8/2023 5:00,69.5,23.35,39.38,21.31,35.5,21.76
8/8/2023 6:00,34.46,23.06,28.29,21.32,26.84,21.7
8/8/2023 7:00,24.46,20.66,23.4,20.18,23.23,20.1
8/8/2023 8:00,21.56,4.92,21.56,19.74,21.56,19.73
8/8/2023 9:00,22.75,11.06,22.77,19.86,22.76,19.5
8/8/2023 10:00,26.41,12.54,26.41,21.62,26.41,20.77
8/8/2023 11:00,28.44,46.34,28.44,25.02,28.44,25.4
8/8/2023 12:00,57.53,44.14,57.53,22.61,57.53,29.56
8/8/2023 13:00,154.01,46.39,153.84,28.26,153.81,49.16
8/8/2023 14:00,216.11,97.15,40.36,45.63,285.61,104.95
8/8/2023 15:00,820.33,158.6,54.78,70.16,1102.32,172.4
8/8/2023 16:00,323.1,181.44,13.16,73.79,440.15,199.62
8/8/2023 17:00,61.46,169.06,2.5,50.03,75.35,193.47
8/8/2023 18:00,85.96,162.37,1.18,48.02,115.55,189.47
8/8/2023 19:00,1420.21,264.8,90.26,81.58,1663.52,302.11
8/8/2023 20:00,364.83,103.91,4.44,28.4,421.02,111.61
8/8/2023 21:00,46.14,41.59,25.18,26.73,48.23,37.57
8/8/2023 22:00,28.31,32.19,27.3,27.24,26.93,28.85
8/8/2023 23:00,23.81,27.84,24.93,24.29,23.76,24.85
8/9/2023 0:00,12.09,23.65,21.49,22.12,21.24,22.73
8/9/2023 1:00,21.62,20.52,21.62,20.63,21.62,20.66
8/9/2023 2:00,21.18,22.4,22.73,20.31,21.02,20.36
8/9/2023 3:00,24.24,21.79,20.9,19.38,21.93,19.57
8/9/2023 4:00,23.89,21.96,21.07,19.24,21.42,19.5
8/9/2023 5:00,21.61,23.52,20.08,19.7,19.91,20.07
8/9/2023 6:00,22.17,21.41,20.59,19.37,20.39,18.91
8/9/2023 7:00,21.34,19.71,20.16,19.84,19.87,18.59
8/9/2023 8:00,17.04,12.15,18.13,17.76,16.87,17.55
8/9/2023 9:00,7.95,7.9,22.13,18.38,16.65,17.47
8/9/2023 10:00,7.38,8.9,21.32,18.96,17.45,19.54
8/9/2023 11:00,11.01,18.05,21.87,20.59,19.57,25.63
8/9/2023 12:00,21.04,28.35,26.31,25.26,22.7,31.92
8/9/2023 13:00,27.09,52.09,25.4,21.84,25.45,58.05
8/9/2023 14:00,35.56,107.64,18.62,31.52,32.54,117.56
8/9/2023 15:00,40.03,169.54,12.62,42.44,42.52,183.37
8/9/2023 16:00,66.9,258.19,3.51,66.69,78.97,286.53
8/9/2023 17:00,94.22,291.63,4.21,61.56,119.21,332.01
8/9/2023 18:00,284.8,410.12,11.55,79.49,340.61,453.77
8/9/2023 19:00,947.69,710.39,38.43,87.08,1139.42,766.31
8/9/2023 20:00,196.86,267.36,5.22,38.5,155.51,282.72
8/9/2023 21:00,76.79,63.19,22.16,23,49.79,55.99
8/9/2023 22:00,54.77,47,41.55,28.34,33.55,38.42
8/9/2023 23:00,32.42,37.34,33.23,26.83,27.73,30.66
8/10/2023 0:00,28.51,31.9,31.21,25.36,27.76,26.92
8/10/2023 1:00,27.96,29.37,28.05,25.15,27.18,24.71
8/10/2023 2:00,30.05,28.41,27.35,24.09,30.59,23.89
8/10/2023 3:00,26.73,26.73,26.39,21.22,27.63,22.29
8/10/2023 4:00,26.14,26.87,27.61,19.82,26.84,22.09
8/10/2023 5:00,27.07,26.91,28.51,20.81,27.7,22.54
8/10/2023 6:00,27.22,26.82,25.08,20.24,28.42,22.49
8/10/2023 7:00,26.68,26.72,29.63,20.2,27.42,22.54
8/10/2023 8:00,26.73,22.9,29.01,21.58,26.04,20.92
8/10/2023 9:00,29.71,22.39,28.5,22.37,28.17,21.84
8/10/2023 10:00,29.45,28.3,26.93,28.65,28.48,28.59
8/10/2023 11:00,40.02,37.53,23.9,23.64,32.86,38.76
8/10/2023 12:00,65.53,60.36,24.54,22.91,51.64,66.09
8/10/2023 13:00,198.9,163.67,18.15,43.89,234.38,179.27
8/10/2023 14:00,1246.67,439.98,41.2,105.6,1474.13,482.72
8/10/2023 15:00,2453.45,928.47,25.33,78.1,2691.19,1002.89
8/10/2023 16:00,2163.75,1388.31,6.71,189.84,2497.86,1513.15
8/10/2023 17:00,1215.53,1546.53,20.74,221.07,1265.9,1643.01
8/10/2023 18:00,477.08,1472.17,4.17,278.36,663.22,1594.92
8/10/2023 19:00,533.29,2379.93,13.84,234.8,627.79,2586.01
8/10/2023 20:00,276,737.67,7.79,84.99,259.84,792.69
8/10/2023 21:00,42.81,102.05,17.7,30.98,31.1,102.15
8/10/2023 22:00,41.43,43.03,44.99,28.84,39.15,36.63
8/10/2023 23:00,29.88,32.85,37.72,28.73,30.77,29.06
8/11/2023 0:00,33.47,30.04,39.86,29.05,32.26,27.5
8/11/2023 1:00,32.06,27.18,32.72,26.11,30.29,24.64
8/11/2023 2:00,29.96,23.03,28.46,21.68,27.93,20.65
8/11/2023 3:00,27.68,21.68,25.89,19.84,25.57,19.48
8/11/2023 4:00,26.72,21.27,24.57,19.05,24.23,19.13
8/11/2023 5:00,31.74,22.81,25.28,20.85,24.65,20.68
8/11/2023 6:00,24.14,22.62,23.09,20.68,22.67,20.69
8/11/2023 7:00,21.81,21.51,22.56,20.29,22.04,20.3
8/11/2023 8:00,20.05,14.48,24.6,19.75,21.18,18.34
8/11/2023 9:00,15.79,9.55,24.76,22.05,18.73,18.68
8/11/2023 10:00,14.64,9.33,21.97,21.47,20.93,20.75
8/11/2023 11:00,28.27,23.98,26.75,26.35,28.7,27.43
8/11/2023 12:00,48.66,36.2,48.1,29.31,48.43,35.97
8/11/2023 13:00,74.95,54.97,61.37,28.29,71.55,59.01
8/11/2023 14:00,116.69,159.75,41.25,62.23,104.97,168.2
8/11/2023 15:00,379.16,279.79,4.21,92.33,322.92,296.86
8/11/2023 16:00,592.95,420.57,1.92,153.75,547.27,443.24
8/11/2023 17:00,1308.48,346.51,18.92,106.93,1556.02,365.79
8/11/2023 18:00,480.12,361.29,17.1,91.23,596.79,386.92
8/11/2023 19:00,807.13,725.4,115.43,143.8,917.3,731.01
8/11/2023 20:00,92.34,253.69,16.98,38.51,91.74,260.19
8/11/2023 21:00,31.68,59.7,28.12,28.09,29.93,54.6
8/11/2023 22:00,30.92,39.09,27.68,29.3,29.73,33.51
8/11/2023 23:00,28.3,31.88,28.52,29.54,28.21,28.73
8/12/2023 0:00,26.75,28.07,27.3,29.37,26.96,27.37
8/12/2023 1:00,23.49,25.84,23.98,25.97,23.68,24.31
8/12/2023 2:00,22.2,20.06,22.67,20.23,22.37,19.89
8/12/2023 3:00,21.23,16.1,21.4,19.32,21.28,19.24
8/12/2023 4:00,21.12,20.43,21.15,19.42,21.13,19.37
8/12/2023 5:00,20.38,20.24,20.38,18.24,20.38,18.21
8/12/2023 6:00,21.4,19.43,20.43,17.41,20.33,17.54
8/12/2023 7:00,21.93,18.27,20.29,17.36,20.12,17.38
8/12/2023 8:00,14.65,14.8,17.8,17.95,17.35,17.26
8/12/2023 9:00,10.8,2.37,20.36,18.73,17.75,16.95
8/12/2023 10:00,11.34,3.52,24.16,21.06,18.42,19.39
8/12/2023 11:00,17.47,20.97,22.06,27.01,19.79,26.16
8/12/2023 12:00,24.44,31.71,26.47,25.12,24.65,30.76
8/12/2023 13:00,35.12,54.13,23.62,28.12,33.37,57
8/12/2023 14:00,62.16,111.4,27.38,30.37,57.56,119.85
8/12/2023 15:00,79.38,205.94,12.39,65.83,77.22,225.4
8/12/2023 16:00,158.43,289.55,3.35,84.55,168.05,310.63
8/12/2023 17:00,89.36,258.4,4.82,71.98,129.02,287.05
8/12/2023 18:00,558.22,252.66,36.7,52.11,739.83,290.33
8/12/2023 19:00,1175.83,512.61,37.89,84.46,1426.25,593.97
8/12/2023 20:00,136.94,205.1,8.09,48.45,144.78,213.17
8/12/2023 21:00,36.22,57.84,28.51,25.13,32.1,53.25
8/12/2023 22:00,30.48,41.38,29.1,29.82,28.32,37.1
8/12/2023 23:00,26.31,30.89,25.53,28.16,25.02,27.93
8/13/2023 0:00,25.15,28.56,25.54,27.62,24.83,27.14
8/13/2023 1:00,23.75,24.84,24.88,23.68,24.09,23.3
8/13/2023 2:00,22.79,23.97,25.32,22.69,23.43,22.42
8/13/2023 3:00,21.6,20.76,25.59,21.09,22.79,20.92
8/13/2023 4:00,23.23,19.89,23.51,19.23,23.03,19.08
8/13/2023 5:00,21.36,19.24,21.76,18.33,21.5,18.22
8/13/2023 6:00,20.73,18.24,20.78,17.12,20.75,17.21
8/13/2023 7:00,17.75,17.64,17.75,16.99,17.75,16.98
8/13/2023 8:00,6.08,14.65,15.18,16.84,13.78,16.53
8/13/2023 9:00,1.31,6.44,22.36,17.69,13.99,16.41
8/13/2023 10:00,-5.09,4.49,25.83,19.58,17.99,18.58
8/13/2023 11:00,0.45,12.4,26.29,24.08,22.15,24.5
8/13/2023 12:00,22.86,26.66,27.91,29.14,27.48,30.52
8/13/2023 13:00,36,49.58,35.95,32.85,35.98,47.41
8/13/2023 14:00,38.26,86.39,38.48,34.96,37.54,86.52
8/13/2023 15:00,60.45,204.8,40.27,78.27,63.58,210.39
8/13/2023 16:00,76.6,297.58,14.37,99.03,98.52,308.61
8/13/2023 17:00,160.57,292.39,16.61,69.82,213.64,312.34
8/13/2023 18:00,248.72,317.65,18,76.76,332.8,351.33
8/13/2023 19:00,598.54,675.86,27.64,92.18,764.96,779.37
8/13/2023 20:00,516.9,260.85,43.42,49.91,644.53,298.41
8/13/2023 21:00,36.44,54.46,26.05,27.96,36.24,50.79
8/13/2023 22:00,30.4,38.37,28.43,28.25,28.11,33.07
8/13/2023 23:00,27.83,31.59,26.18,26.53,25.6,27.89
8/14/2023 0:00,24.34,28.22,22.86,25.65,22.23,25.7
8/14/2023 1:00,21.62,25.69,21.4,23.58,21.11,23.43
8/14/2023 2:00,21.18,23.29,20.71,20.98,20.59,20.93
8/14/2023 3:00,21.44,22.7,21.22,20.92,21.22,20.9
8/14/2023 4:00,22,23.76,22,21.63,22,21.51
8/14/2023 5:00,25.46,25.6,25.46,23.27,25.46,23.12
8/14/2023 6:00,27.91,27.6,26.34,24.69,26.15,24.48
8/14/2023 7:00,26.09,25.87,24.17,23.61,23.94,23.42
8/14/2023 8:00,21.34,15.95,20.37,22.1,20.26,21.85
8/14/2023 9:00,15.18,6.39,24.46,25.12,23.39,24.71
8/14/2023 10:00,20.31,4.96,28.32,30.21,28.03,29.19
8/14/2023 11:00,28.84,9.43,28.6,32.41,28.57,31.68
8/14/2023 12:00,46.1,12.85,43.07,39.66,42.8,38.41
8/14/2023 13:00,34.46,52.97,33.23,66.38,33.19,68.33
8/14/2023 14:00,44.47,138.47,38.98,122.21,45.99,159.18
8/14/2023 15:00,63.89,281.83,73.18,208.28,77.53,289.55
8/14/2023 16:00,82.93,316.4,76.85,214.9,77.57,322.42
8/14/2023 17:00,48.99,284.61,31.84,192.58,29.18,298.93
8/14/2023 18:00,51.31,349.9,22.67,183.34,29.86,365.89
8/14/2023 19:00,38.47,982.27,5.71,410.19,29.34,1029.53
8/14/2023 20:00,30.66,314.38,26.73,188.6,29.32,324.42
8/14/2023 21:00,29.82,75.74,27.24,58.95,28.36,72.62
8/14/2023 22:00,29.55,37.4,29.66,34.12,29.53,35.12
8/14/2023 23:00,27.14,32.93,27.14,30.02,27.14,30.81
8/15/2023 0:00,26.58,29.19,26.58,27.84,26.58,27.81
8/15/2023 1:00,24.55,26.16,24.55,24.87,24.55,24.8
8/15/2023 2:00,23.9,24.97,23.9,23.63,23.9,23.54
8/15/2023 3:00,23.27,24.8,23.27,23.51,23.27,23.42
8/15/2023 4:00,23.98,24.71,23.98,23.33,23.98,23.23
8/15/2023 5:00,25.94,26.27,25.94,24.56,25.94,24.44
8/15/2023 6:00,27.59,27.17,27.59,25.74,27.59,25.63
8/15/2023 7:00,26.26,27.66,26.26,25.91,26.26,25.96
8/15/2023 8:00,23.48,24.44,23.48,17.81,23.48,24.34
8/15/2023 9:00,22.27,24.6,22.27,19.45,22.27,24.56
8/15/2023 10:00,24.52,30.17,24.57,23.51,24.56,30.27
8/15/2023 11:00,27.42,43.93,27.61,23.29,27.61,44
8/15/2023 12:00,29.81,52.56,30.48,22.91,30.48,52.63
8/15/2023 13:00,47.43,179.85,50.62,165.71,50.63,181.52
8/15/2023 14:00,51.79,416.58,51.13,293.54,55.31,421.21
8/15/2023 15:00,140.06,1052.47,1.69,760.15,171.5,1059.61
8/15/2023 16:00,130.96,1571.11,143.76,911.87,158.49,1578.76
8/15/2023 17:00,55.13,2015.2,55.22,660.35,55.25,2017.52
8/15/2023 18:00,88.84,2487.4,36.51,1244.24,102.68,2483.52
8/15/2023 19:00,297.43,3292.79,34.33,878.85,317.99,3310.66
8/15/2023 20:00,130.95,1514.67,56.17,324.21,95.61,1498.54
8/15/2023 21:00,52.11,83.29,36.09,55.84,38.32,73.86
8/15/2023 22:00,45.48,41.9,33.24,35.18,31.91,34.69
8/15/2023 23:00,42.58,34.62,29.47,29.86,27.95,29.47
8/16/2023 0:00,32.78,29.16,24.78,26.02,23.86,25.77
8/16/2023 1:00,21.38,26.47,19.13,23.15,18.87,22.87
8/16/2023 2:00,20.3,23.33,16.26,20.58,15.79,20.35
8/16/2023 3:00,15.79,22.2,14.47,19.89,14.31,19.72
8/16/2023 4:00,13.93,21.74,13.52,19.42,13.46,19.25
8/16/2023 5:00,15.91,22.31,14.76,20.01,14.62,19.84
8/16/2023 6:00,17.38,22.09,16.63,20.01,16.55,19.84
8/16/2023 7:00,14.95,21.71,14.95,19.95,14.95,19.8
8/16/2023 8:00,11.44,16.82,13.75,19.2,13.14,19.17
8/16/2023 9:00,9,19.3,18.11,19.15,14.34,19.11
8/16/2023 10:00,4.82,21.99,20.4,22.5,17.75,22.2
8/16/2023 11:00,-73.66,27.72,56.76,29.51,22.99,27.65
8/16/2023 12:00,22.46,35.89,40.84,36.31,23.05,30.18
8/16/2023 13:00,47.83,62.83,44.56,63.79,24.03,64.72
8/16/2023 14:00,60.02,119.7,68.74,99.74,70.9,123.23
8/16/2023 15:00,69.99,350.1,61.73,251.77,68.87,355.67
8/16/2023 16:00,75.61,507.65,73.96,315.01,74.08,511.37
8/16/2023 17:00,82.65,918.24,79.97,393.49,83.99,914.56
8/16/2023 18:00,100.17,1122.19,76.94,235.52,100.53,1106.46
8/16/2023 19:00,117.3,1982.08,50.04,470.33,106.09,1996.21
8/16/2023 20:00,44.2,600.28,38.83,388.68,40.86,588.86
8/16/2023 21:00,34.51,50.24,27.15,41.07,26.2,40.83
8/16/2023 22:00,34.23,34.13,25.9,27.21,24.66,26.87
8/16/2023 23:00,38.97,28.52,23.73,24.37,21.98,24.18
8/17/2023 0:00,25.44,21.18,16.43,19.7,15.4,19.49
8/17/2023 1:00,14.22,16.8,12.59,17.45,12.4,17.21
8/17/2023 2:00,8.61,16.11,8.35,16.7,8.32,16.47
8/17/2023 3:00,7.26,10.97,7.2,15.84,7.2,15.65
8/17/2023 4:00,10.56,18.53,10.56,16.07,10.56,15.9
8/17/2023 5:00,12.6,19.63,12.6,17.41,12.6,17.25
8/17/2023 6:00,14.29,19.97,14.29,17.92,14.29,17.77
8/17/2023 7:00,13.41,19.52,13.41,17.72,13.41,17.6
8/17/2023 8:00,14.14,18.27,14.14,17.84,14.14,17.79
8/17/2023 9:00,17,17.75,17,17.69,17,17.7
8/17/2023 10:00,21.2,22.36,21.42,22.83,21.33,22.75
8/17/2023 11:00,33.02,32.36,34.98,32.21,35.46,32.3
8/17/2023 12:00,64.75,50.33,70.27,49.65,71.63,49.53
8/17/2023 13:00,729.69,274.03,594.03,257.07,743.42,272.55
8/17/2023 14:00,2396.81,797.16,1917.92,653.04,2406.15,791.38
8/17/2023 15:00,1929.43,1851.5,1516.89,1547.99,1884.87,1848.12
8/17/2023 16:00,2506.72,2167.34,1974.9,1504.85,2443.28,2167.78
8/17/2023 17:00,3150.45,2541.5,975.5,1871.18,3031.32,2573.48
8/17/2023 18:00,1622.68,2912.08,301.94,1934.99,1787.48,2999.07
8/17/2023 19:00,4575.67,3225.79,530.93,2213.97,4947.64,3339.12
8/17/2023 20:00,904.93,1454.76,53.44,880.17,916.58,1520.58
8/17/2023 21:00,67.4,78.44,38.7,33.92,48.65,67.83
8/17/2023 22:00,46.03,46.37,35.72,29.22,41.67,36.45
8/17/2023 23:00,26.7,35.06,25.45,26.19,27.48,28.12
8/18/2023 0:00,23.96,28.08,21.48,23.32,23.28,24.73
8/18/2023 1:00,21.25,23.66,20.34,20.39,20.95,21.27
8/18/2023 2:00,19.51,21.48,19.49,18.41,19.57,19.1
8/18/2023 3:00,18.39,19.48,18.39,17.85,18.39,18.04
8/18/2023 4:00,18.31,20.25,18.31,18.69,18.31,18.88
8/18/2023 5:00,19.65,21.81,19.65,20.34,19.65,20.49
8/18/2023 6:00,21.03,21.82,21.03,20.33,21.03,20.32
8/18/2023 7:00,20.62,20.82,20.62,19.67,20.62,19.6
8/18/2023 8:00,20.14,18.53,20.14,18.49,20.14,18.48
8/18/2023 9:00,21.41,19.6,21.41,20.81,21.41,20.88
8/18/2023 10:00,24.62,26.75,24.45,28.66,24.57,28.83
8/18/2023 11:00,34.03,41.81,34.02,41.59,34.03,41.64
8/18/2023 12:00,73.72,71.99,39.99,63.21,72.26,70.83
8/18/2023 13:00,76.36,210.69,72.81,158.48,73.95,206.85
8/18/2023 14:00,117.36,613.02,90.12,447.97,92.97,603.34
8/18/2023 15:00,91.66,1055.05,21.17,859.37,70.72,1052.24
8/18/2023 16:00,97.54,865.04,12.27,683.15,73.36,874.18
8/18/2023 17:00,47.08,735.21,9.1,523.62,63.75,754.51
8/18/2023 18:00,78.29,664.1,5.8,295.29,101.58,739.61
8/18/2023 19:00,143.27,856.6,15.55,328.43,159.75,932.46
8/18/2023 20:00,62.12,323.36,20.91,162.05,50.23,322.69
8/18/2023 21:00,31.05,58.29,25.91,32.14,27.63,51.11
8/18/2023 22:00,27.87,40.6,25.94,30.52,25.51,33.49
8/18/2023 23:00,26.13,32,24.21,26.24,23.64,27.35
8/19/2023 0:00,23.78,26.01,21.97,23.14,21.44,23.3
8/19/2023 1:00,21.21,23.05,19.38,20.64,18.9,20.56
8/19/2023 2:00,18.57,20.62,16.42,18.33,16.19,18.15
8/19/2023 3:00,17.05,19.47,14.96,17.2,14.73,17.01
8/19/2023 4:00,17.12,19.4,15.06,17.27,14.84,17.09
8/19/2023 5:00,17.79,19.71,16.14,17.75,15.96,17.58
8/19/2023 6:00,17.21,18.33,16.76,16.29,16.71,16.11
8/19/2023 7:00,16.61,17.51,16.61,15.97,16.61,15.83
8/19/2023 8:00,17.56,15.78,17.56,15.62,17.56,15.61
8/19/2023 9:00,23.15,17.31,23.15,17.3,23.15,17.3
8/19/2023 10:00,25.98,21,25.98,20.98,25.98,20.99
8/19/2023 11:00,35.24,30.1,35.24,30.06,35.24,30.1
8/19/2023 12:00,36.4,40.6,35.82,40.31,35.79,40
8/19/2023 13:00,37.44,74.55,35.99,65.1,36.14,74.09
8/19/2023 14:00,39.22,115.34,35.02,85.85,36.66,113.56
8/19/2023 15:00,37.61,189.49,27.46,110.86,35.03,189.68
8/19/2023 16:00,25.09,246.17,26.29,191.8,29.36,252.44
8/19/2023 17:00,22.91,184.94,21.23,113.04,29.82,197.9
8/19/2023 18:00,32.6,223.33,19.94,66.2,45.76,238.48
8/19/2023 19:00,140.54,395.01,27.61,114.5,157.39,446.14
8/19/2023 20:00,143.18,175.91,103.15,58.66,132.85,186.33
8/19/2023 21:00,30.57,49.83,31.05,31.88,30.67,44.88
8/19/2023 22:00,27.62,39.43,27.13,34.46,27.02,36.31
8/19/2023 23:00,24.88,30.33,24.31,27.78,24.23,28.1
8/20/2023 0:00,22.13,25.52,22.22,23.32,22.14,23.37
8/20/2023 1:00,21.66,23.33,21.17,21.47,21.12,21.39
8/20/2023 2:00,22.34,21.88,20.97,20.17,20.82,20.04
8/20/2023 3:00,22,20.36,20.75,19.03,20.62,18.9
8/20/2023 4:00,20.39,20.01,20.39,18.61,20.39,18.48
8/20/2023 5:00,21.46,20.69,21.46,19.02,21.46,18.88
8/20/2023 6:00,21.89,18.66,21.89,16.79,21.89,16.63
8/20/2023 7:00,21.88,18.95,21.88,17.08,21.88,16.94
8/20/2023 8:00,21.88,16.88,21.88,16.85,21.88,16.84
8/20/2023 9:00,24.23,19.04,24.23,19.04,24.23,19.05
8/20/2023 10:00,28.68,22.75,28.68,22.75,28.68,22.77
8/20/2023 11:00,29.05,31.83,29.83,31.82,29.24,31.85
8/20/2023 12:00,24.99,44.87,34.43,44.79,33.69,44.6
8/20/2023 13:00,82.6,70.25,47.4,70.12,74.42,70.49
8/20/2023 14:00,84.07,97.41,52.05,82,89.16,104.31
8/20/2023 15:00,85.19,185.36,63.9,137.14,106.61,190.82
8/20/2023 16:00,86.15,220.82,94.16,167.99,97.98,228.5
8/20/2023 17:00,95.06,253.09,98.74,202.77,88.97,266.57
8/20/2023 18:00,206.02,289.77,225.01,196.57,211.51,305.09
8/20/2023 19:00,372.01,926.21,355.17,231.38,384.67,993.65
8/20/2023 20:00,624.53,693.11,576.51,354.97,589.85,674.63
8/20/2023 21:00,79.35,141.47,78.9,79.38,78.94,130.22
8/20/2023 22:00,43.49,64.73,43.09,42.66,43.05,59.74
8/20/2023 23:00,39.54,45.45,33.02,41.43,32.25,42.45
8/21/2023 0:00,43.89,47.43,33.98,44.95,32.86,44.76
8/21/2023 1:00,45.33,36.73,31.28,34.11,29.66,33.91
8/21/2023 2:00,52.66,35.42,33.42,32.35,31.2,32.13
8/21/2023 3:00,59.54,34.7,36.06,29.01,33.35,28.8
8/21/2023 4:00,66.86,38.56,39.46,30.31,36.29,30.09
8/21/2023 5:00,69.12,43.31,43.8,33.8,40.82,33.6
8/21/2023 6:00,93.77,35.8,62.2,29.94,58.47,29.66
8/21/2023 7:00,45.52,32.15,35.96,28.38,34.96,28.14
8/21/2023 8:00,27.22,27.04,27.22,25.63,27.22,25.58
8/21/2023 9:00,47.6,26.31,47.6,26.3,47.6,26.31
8/21/2023 10:00,153.95,35.66,153.95,35.61,153.95,35.62
8/21/2023 11:00,110.8,51.1,110.8,49.87,110.8,49.94
8/21/2023 12:00,117.63,39.4,115.71,34.28,115.65,33.77
8/21/2023 13:00,53.51,49.8,53.51,39.97,53.51,45.28
8/21/2023 14:00,82.73,68.41,98.56,42.2,102.38,65.47
8/21/2023 15:00,49,71.56,53.63,44.62,61.37,66.78
8/21/2023 16:00,58.34,80.24,12.95,53.84,54.98,77.28
8/21/2023 17:00,62.56,68.65,4.22,46.07,74.2,80.01
8/21/2023 18:00,56,92.58,3.9,66.41,64.37,100.83
8/21/2023 19:00,79.96,168.19,16.48,114.4,67.81,171.66
8/21/2023 20:00,141.65,124.3,21.84,104.33,122.79,120.53
8/21/2023 21:00,65.1,44.66,61.06,40.64,61,40.85
8/21/2023 22:00,45.95,47.99,42.87,44.92,42.75,44.79
8/21/2023 23:00,14.42,34.78,31.59,31.89,31.84,31.76
8/22/2023 0:00,31.67,36.09,30.12,31.07,30.1,30.78
8/22/2023 1:00,35.19,34.29,35,29.59,35,29.32
8/22/2023 2:00,31.18,32.66,31.18,27.55,31.18,27.25
8/22/2023 3:00,34.7,32.79,34.7,27.08,34.7,26.76
8/22/2023 4:00,45.65,34.54,44.19,26.21,45.56,26.49
8/22/2023 5:00,72.8,38.73,72.42,23.25,72.78,28.25
8/22/2023 6:00,83.61,46.3,57.83,17.87,68.8,30.43
8/22/2023 7:00,64.16,43.78,30.17,14.98,44.22,29.85
8/22/2023 8:00,38.58,28.75,32.07,14.44,41.34,26.65
8/22/2023 9:00,57.48,30.59,28.71,12.68,62.55,30.05
8/22/2023 10:00,83.84,40.88,24.12,18.57,96.52,38.93
8/22/2023 11:00,101.55,40.77,43.87,16.4,113.72,38.4
8/22/2023 12:00,76.47,43.36,70.97,15.71,79.7,44.12
8/22/2023 13:00,49.38,64.43,23.94,20.08,50.6,64.12
8/22/2023 14:00,65.71,76.01,36.2,21.51,63.34,67.77
8/22/2023 15:00,60.62,89.43,17.08,27.22,63.48,81.72
8/22/2023 16:00,61.31,91.04,23.6,27.12,55.87,87.22
8/22/2023 17:00,58.15,85.82,47.4,26.82,54.19,84.08
8/22/2023 18:00,39.1,82.85,35.96,30.89,37.92,88.22
8/22/2023 19:00,31.98,136.78,25.84,59.46,32.11,141.73
8/22/2023 20:00,39.28,112.77,31.15,73.88,39.54,110.72
8/22/2023 21:00,32.03,56.96,31.65,43.65,31.89,53.77
8/22/2023 22:00,26.92,44.53,26.84,36.22,26.84,39.59
8/22/2023 23:00,27.68,36.22,26.05,31.26,25.92,31.42
8/23/2023 0:00,63,33.64,35.62,27.37,33.26,29.74
8/23/2023 1:00,55.43,31.19,33.15,25.7,31.23,27.62
8/23/2023 2:00,58.86,29.64,34.23,24.48,32.11,25
8/23/2023 3:00,41.29,28.29,29.03,24.45,27.98,24.48
8/23/2023 4:00,28.46,28.69,26.74,25.3,26.59,25.17
8/23/2023 5:00,29.14,31.46,29.14,27.49,29.14,27.35
8/23/2023 6:00,31.78,38.05,31.78,34.04,31.78,33.89
8/23/2023 7:00,27.31,34.75,27.31,32,27.31,31.95
8/23/2023 8:00,26.37,29.76,26.37,29.59,26.37,29.58
8/23/2023 9:00,26.35,30,26.35,30,26.35,30.01
8/23/2023 10:00,24.62,41.08,24.62,40.96,24.62,41.04
8/23/2023 11:00,23.9,39.92,24.38,39.62,24.36,39.62
8/23/2023 12:00,24.79,52.63,27.59,52.42,27.94,52.56
8/23/2023 13:00,26.38,78.14,26.37,75.15,28.17,76.72
8/23/2023 14:00,28.95,111.4,26.07,94.12,27.25,121.84
8/23/2023 15:00,29.24,202.48,24.65,168.15,28.63,194.22
8/23/2023 16:00,27.69,254.15,27.35,229.66,29.7,260.52
8/23/2023 17:00,37.59,327.69,39.82,299.76,40.24,325.17
8/23/2023 18:00,64.15,723.65,59.58,440.92,63.96,712.02
8/23/2023 19:00,248.94,1190.78,248.94,768.02,248.94,1178.78
8/23/2023 20:00,199.05,779.15,199.05,542.97,199.05,768.88
8/23/2023 21:00,60.47,132.95,60.47,89.51,60.47,126.49
8/23/2023 22:00,43.51,55.8,43.51,48.38,43.51,49.62
8/23/2023 23:00,28.62,47.99,28.62,42.07,28.62,41.69
8/24/2023 0:00,27.32,38.55,27.32,32.86,27.32,32.49
8/24/2023 1:00,27.09,34.33,27.09,29.01,27.09,28.66
8/24/2023 2:00,25.85,31.01,25.85,25.67,25.85,25.32
8/24/2023 3:00,25.37,30.53,25.37,25.07,25.37,24.7
8/24/2023 4:00,25.81,31.18,25.81,25.97,25.81,25.62
8/24/2023 5:00,33.76,34.37,33.76,28.3,33.76,27.9
8/24/2023 6:00,41.69,32.99,41.6,26.69,41.66,26.27
8/24/2023 7:00,35.21,32.42,35.01,27.34,34.99,27
8/24/2023 8:00,26.95,25.71,26.95,24.87,26.95,24.82
8/24/2023 9:00,27.18,26.99,27.18,26.99,27.18,26.99
8/24/2023 10:00,36.69,30.46,36.69,30.36,36.69,30.34
8/24/2023 11:00,24.92,39.18,42.69,45.03,36.04,44.68
8/24/2023 12:00,31.84,77.85,51.5,78.61,42.35,78.55
8/24/2023 13:00,83.27,217.47,112.93,218.88,105.65,209.71
8/24/2023 14:00,1356.6,633.28,1380.14,632.98,1381.43,611.78
8/24/2023 15:00,928.47,1115.14,947.18,1082.6,950.92,1080.89
8/24/2023 16:00,2024.13,2375.89,2024.36,2349.85,2024.37,2340.4
8/24/2023 17:00,1026.52,1985.1,1028.51,2888.47,1028.55,2929.94
8/24/2023 18:00,1382.85,3006.62,1395.38,2952.17,1381.87,3225.39
8/24/2023 19:00,2445.65,3905.05,2436.77,3388.85,2404.14,3887.52
8/24/2023 20:00,317.01,3546.93,314.17,3356.79,303.72,3536.8
8/24/2023 21:00,66.22,452.65,66.22,423.25,66.22,444.21
8/24/2023 22:00,33.83,52.98,33.83,47.71,33.83,47.34
8/24/2023 23:00,31.18,40.5,29.69,35.23,29.53,34.88
8/25/2023 0:00,26.14,35,26.14,30.93,26.14,30.67
8/25/2023 1:00,25.07,32.25,25.07,28.08,25.07,27.8
8/25/2023 2:00,22.55,29.34,22.55,25.15,22.55,24.87
8/25/2023 3:00,20.97,28.53,20.97,24.59,20.97,24.33
8/25/2023 4:00,21.21,29.98,21.21,26.2,21.21,25.95
8/25/2023 5:00,24.27,32.5,24.12,28.04,24.11,27.75
8/25/2023 6:00,29.3,33.15,28.12,28.2,27.99,27.87
8/25/2023 7:00,35.94,31.66,30.14,28.19,29.33,27.9
8/25/2023 8:00,24.97,26.3,24.97,25.9,24.97,25.87
8/25/2023 9:00,26.42,27.69,26.44,27.67,26.42,27.61
8/25/2023 10:00,39.84,33.7,44.75,33.57,28.64,33.45
8/25/2023 11:00,49.25,56.94,53.35,55.99,52.4,56.21
8/25/2023 12:00,63.69,108.12,60.35,107.66,60.06,108.46
8/25/2023 13:00,96.06,628.53,85.63,597.67,84.74,619.83
8/25/2023 14:00,775.95,1475.9,644.09,1402.35,616.14,1446.15
8/25/2023 15:00,834.56,2960.58,774.92,2833.91,650.23,2906.93
8/25/2023 16:00,873.65,3693.35,832.3,3537.84,750.41,3631.89
8/25/2023 17:00,2084.5,3063.77,2038.03,3779.4,1953.29,3946.47
8/25/2023 18:00,2493.13,4029.17,2157,3678.01,2537.03,3982.08
8/25/2023 19:00,4075.75,4198.85,3912.21,3661.52,4026.43,4174.56
8/25/2023 20:00,1871.17,3655.42,1834.7,3466.42,1837.81,3640.96
8/25/2023 21:00,84.45,568.2,81.86,532,82.08,560.45
8/25/2023 22:00,67.97,77.93,67.97,73.13,67.97,72.85
8/25/2023 23:00,37.28,44.8,37.28,40.73,37.28,40.43
8/26/2023 0:00,30.85,35.29,30.85,32.55,30.85,32.3
8/26/2023 1:00,30.73,33.77,30.73,30.43,30.73,30.19
8/26/2023 2:00,25.91,31.51,25.91,27.3,25.91,27.05
8/26/2023 3:00,38.79,29.19,27.05,25.32,25.98,25.05
8/26/2023 4:00,49.9,30.51,30.1,27.17,27.87,26.94
8/26/2023 5:00,54.18,32.72,31.75,27.5,28.82,27.19
8/26/2023 6:00,56.63,29.19,32.35,24.94,29.15,24.61
8/26/2023 7:00,45.97,27.23,28.51,24.37,26.31,24.12
8/26/2023 8:00,26.05,23.86,22.71,23.4,22.33,23.35
8/26/2023 9:00,25.92,25.73,25.37,25.73,25.35,25.73
8/26/2023 10:00,28.84,29.29,28.84,29.23,28.84,29.24
8/26/2023 11:00,47.69,42.28,47.7,41.99,47.7,41.92
8/26/2023 12:00,70.52,90.5,70.56,89.26,70.56,89.03
8/26/2023 13:00,363.94,228.72,362.77,222.96,362.72,223.36
8/26/2023 14:00,2205.82,805.71,2205.94,765.76,2205.95,785
8/26/2023 15:00,905.26,2097.98,905.44,1995.47,905.45,2052.57
8/26/2023 16:00,1738,2996.38,1738,2888.16,1738,2947.91
8/26/2023 17:00,738.49,3078.17,738.49,2945.97,738.49,3027.65
8/26/2023 18:00,512.44,3180.78,512.44,2959.11,512.44,3142.28
8/26/2023 19:00,495.14,3178.2,495.14,2988.2,495.14,3150.47
8/26/2023 20:00,251.38,1012.5,247.49,940.73,247.08,997.93
8/26/2023 21:00,155.45,114.48,135.99,107.19,130.74,106.49
8/26/2023 22:00,112.58,57.81,65.76,51.59,60.92,51.15
8/26/2023 23:00,118.13,39.01,65.36,33.07,59.4,32.62
8/27/2023 0:00,142.78,45.96,69.54,34.14,61.26,33.39
8/27/2023 1:00,78.55,38.78,44.09,29.39,39.18,28.76
8/27/2023 2:00,46.98,33.7,30.58,24.84,28.56,24.24
8/27/2023 3:00,33.99,32.41,25.83,23.61,24.91,23.01
8/27/2023 4:00,67.74,30.77,27.49,23.67,25.38,23.13
8/27/2023 5:00,52.45,31.07,27.04,23.61,25.22,23.07
8/27/2023 6:00,77.26,26.46,25.55,20.69,23.32,20.2
8/27/2023 7:00,32.2,23.46,24.09,19.11,23.24,18.73
8/27/2023 8:00,19.78,18.26,19.35,17.45,19.3,17.37
8/27/2023 9:00,20.65,19.28,20.65,19.2,20.65,19.1
8/27/2023 10:00,25.48,23.52,25.48,25.16,25.48,24.89
8/27/2023 11:00,32.62,28.41,32.62,32.9,32.62,32.37
8/27/2023 12:00,40.28,60.04,44.03,59.89,45.08,58.85
8/27/2023 13:00,36.56,182.44,84.17,185.84,75.34,177.36
8/27/2023 14:00,108.91,472.07,154.04,500.15,137.76,469.65
8/27/2023 15:00,230.65,1078.15,434.16,1074.03,379.91,1029.79
8/27/2023 16:00,467.83,2002.75,487.78,1996.04,470,1954.82
8/27/2023 17:00,594.94,2428.5,604.19,2416.39,599.4,2385.51
8/27/2023 18:00,199.13,2496.4,203.22,2470.96,198.19,2468.01
8/27/2023 19:00,573.37,2637.16,571.32,2595.89,571.5,2607.83
8/27/2023 20:00,69.56,932.43,69.56,900.47,69.56,918.94
8/27/2023 21:00,37.99,112.16,38.48,104.26,37.79,103.96
8/27/2023 22:00,51.92,55.99,36.65,49.9,34.94,49.58
8/27/2023 23:00,45.12,40.64,31.96,33.06,30.47,32.71
8/28/2023 0:00,27.11,42.91,25.92,29.67,25.79,29.51
8/28/2023 1:00,32.54,36.05,26.8,26.54,26.15,26.61
8/28/2023 2:00,31.4,35.54,25.86,24.34,25.23,24.43
8/28/2023 3:00,39.34,32.33,28.05,24.4,26.7,24.09
8/28/2023 4:00,35.29,37.35,26.78,25.62,25.81,25.25
8/28/2023 5:00,29.54,37.01,27.33,27.99,27.08,27.57
8/28/2023 6:00,38.63,38.78,32.42,28.78,31.65,28.4
8/28/2023 7:00,42.51,35.42,31.75,28.69,30.53,28.44
8/28/2023 8:00,28,26.29,26.69,25.25,26.54,25.21
8/28/2023 9:00,26.75,26.63,26.75,26.61,26.75,26.59
8/28/2023 10:00,26.49,29.02,26.49,28.97,26.49,28.64
8/28/2023 11:00,29.7,41.49,34.74,41.78,33.77,40.06
8/28/2023 12:00,37.04,58.38,56.32,59.32,52.05,52.08
8/28/2023 13:00,34.87,135.37,112.92,138.27,100.17,139.5
8/28/2023 14:00,50.22,274.66,132.49,279.77,121.56,277.65
8/28/2023 15:00,82.97,390.28,109.05,397.63,113.17,392.91
8/28/2023 16:00,139.19,606.85,157.33,611.42,157.95,597.16
8/28/2023 17:00,181.03,721.65,212.53,728.1,218.82,719.82
8/28/2023 18:00,349.12,932.2,372.53,935.22,377.25,926.05
8/28/2023 19:00,2513.09,492.88,2513.09,473.58,2513.09,482.43
8/28/2023 20:00,341.47,311.04,335.09,302.48,334.52,301.86
8/28/2023 21:00,140.2,68.58,85.93,57.96,81.09,57.26
8/28/2023 22:00,84.1,50.34,48.94,38.54,45.81,37.82
8/28/2023 23:00,65.79,43.6,38.95,30.12,36.56,29.37
8/29/2023 0:00,64.59,43.51,36.94,30.97,34.45,30.08
8/29/2023 1:00,60.29,42.62,37.07,28.53,34.28,27.74
8/29/2023 2:00,50.08,39.15,33.6,26.59,31.66,25.9
8/29/2023 3:00,48.53,36.24,33.84,25.32,32.03,24.75
8/29/2023 4:00,56.54,35.94,36.38,25.41,33.91,24.85
8/29/2023 5:00,51.94,37.42,42.09,27.38,40.13,26.8
8/29/2023 6:00,70.63,37.99,72.8,29.27,69.92,28.64
8/29/2023 7:00,37.91,35.76,35.2,27.82,34.95,27.21
8/29/2023 8:00,25.83,26.81,25.83,25.56,25.83,25.47
8/29/2023 9:00,26.75,26.76,26.75,26.58,26.75,26.43
8/29/2023 10:00,40.72,28.15,40.72,28,40.72,27.78
8/29/2023 11:00,40.05,29.11,40.05,29.25,40.05,28.91
8/29/2023 12:00,44.19,31.71,44.54,31.96,44.54,31.57
8/29/2023 13:00,38.07,48.08,64.13,48.72,61.21,48.67
8/29/2023 14:00,53.06,80.44,53.06,82.4,53.06,82.98
8/29/2023 15:00,65.13,110.78,65.13,111.61,65.13,111.29
8/29/2023 16:00,140.96,109.36,140.96,111.07,140.96,110.87
8/29/2023 17:00,98.8,141.16,103.58,141.9,104.55,142.7
8/29/2023 18:00,544.13,223.18,544.13,219.51,544.13,219.66
8/29/2023 19:00,937.83,456.99,937.83,441.78,937.83,447.2
8/29/2023 20:00,290.6,201.55,290.6,190.2,290.6,189.39
8/29/2023 21:00,56.23,79.47,56.23,71.36,56.23,70.46
8/29/2023 22:00,43.82,51.58,43.82,42.9,43.82,42.36
8/29/2023 23:00,30.88,43.77,30.97,33.81,30.87,33.2
8/30/2023 0:00,28.63,50.5,28.63,37.5,28.63,36.55
8/30/2023 1:00,28.2,45.78,28.2,34.23,28.2,33.33
8/30/2023 2:00,27.68,41.24,27.68,29.88,27.68,29.04
8/30/2023 3:00,27.09,38.7,27.09,28.18,27.09,27.36
8/30/2023 4:00,26.6,39.04,26.6,28.31,26.6,27.5
8/30/2023 5:00,28.04,41.53,28.04,30.15,28.04,29.37
8/30/2023 6:00,30.41,46.25,30.41,31.36,30.41,30.71
8/30/2023 7:00,26.56,43.14,26.56,29.6,26.56,29.13
8/30/2023 8:00,22.93,27.97,22.93,26.09,22.93,25.84
8/30/2023 9:00,23.17,27.06,23.17,26.99,23.17,26.56
8/30/2023 10:00,24.47,30.95,24.51,30.76,24.51,30.33
8/30/2023 11:00,26.93,33.13,27.06,29.78,27.06,29.25
8/30/2023 12:00,43.4,44.82,43.84,44.25,43.83,42.32
8/30/2023 13:00,49.02,108.32,49.41,106.9,49.4,106.28
8/30/2023 14:00,77.32,229.74,76.96,224.17,77.18,230.81
8/30/2023 15:00,113.27,402.88,113.27,389.79,113.27,404.28
8/30/2023 16:00,386.77,460.61,380.95,449.77,381.56,460.6
8/30/2023 17:00,276.83,615.68,276.83,603.02,276.83,616.58
8/30/2023 18:00,2967.42,1762.58,2967.42,1741.01,2967.42,1759.42
8/30/2023 19:00,4959.72,2582.4,5029.46,2544.08,4954.58,2571.21
8/30/2023 20:00,2088.74,844.21,2156.61,819.04,2083.74,830.18
8/30/2023 21:00,80.17,144.86,77.3,122.9,76.76,120.84
8/30/2023 22:00,50.53,73.43,37.33,48.73,35.99,46.94
8/30/2023 23:00,57.83,58.67,34.98,40.55,33.01,39.26
8/31/2023 0:00,47.48,43.47,29.44,29.97,27.88,29.02
8/31/2023 1:00,49.58,39.44,28.24,26.98,26.4,26.1
8/31/2023 2:00,51.01,36.81,27.27,25.3,25.23,24.49
8/31/2023 3:00,45.31,34.66,25.2,24.08,23.46,23.32
8/31/2023 4:00,43.96,34.69,25.06,24.28,23.43,23.55
8/31/2023 5:00,44.89,35.06,26.34,25.82,24.72,25.16
8/31/2023 6:00,49.86,38.35,29.88,28.22,28.14,27.47
8/31/2023 7:00,44.97,34.82,27.7,26.61,26.26,26.06
8/31/2023 8:00,20.69,24.38,20.69,22.91,20.69,22.8
8/31/2023 9:00,21.88,23.94,21.88,23.92,21.88,23.94
8/31/2023 10:00,25.75,25.71,25.75,25.59,25.75,25.48
8/31/2023 11:00,38.54,30.64,38.54,30.58,38.54,30.34
8/31/2023 12:00,65.15,44.85,65.15,45.83,65.15,44.9
8/31/2023 13:00,74.76,78.29,74.79,81.31,74.76,82.24
8/31/2023 14:00,100.39,145.63,100.39,148.26,100.39,150.07
8/31/2023 15:00,139.57,233.57,139.57,234.69,139.57,235.37
8/31/2023 16:00,611.65,348.26,633.33,347.79,611.42,348.82
8/31/2023 17:00,162.84,339.03,162.71,328.95,162.81,340.07
8/31/2023 18:00,450.1,502.11,407.67,440.76,439.5,495.22
8/31/2023 19:00,300.92,571.38,196.44,421.42,297.25,560.13
8/31/2023 20:00,64.13,197.48,28.73,114.4,49.85,176.76
8/31/2023 21:00,37.42,66.48,29.46,32.38,30.46,44.38
8/31/2023 22:00,48.17,48.29,30.28,27.51,28.77,28.99
8/31/2023 23:00,37.55,39.85,24.1,24.89,22.97,25.39
9/1/2023 0:00,29.73,33.09,20.34,22.26,19.59,21.57
9/1/2023 1:00,21.68,29.39,17.45,19.52,17.11,18.85
9/1/2023 2:00,23.94,28.38,16.72,18.69,16.11,18.01
9/1/2023 3:00,27.4,28.84,17.31,18.76,16.45,18.03
9/1/2023 4:00,27.23,29.36,17.39,19.63,16.55,18.92
9/1/2023 5:00,19.77,30.84,17.45,21.21,17.25,20.5
9/1/2023 6:00,19.56,33.18,19.56,23.29,19.56,22.57
9/1/2023 7:00,18.9,30.07,18.9,22.7,18.9,22.07
9/1/2023 8:00,16.7,19.45,17.12,19.39,16.92,19.42
9/1/2023 9:00,19.98,21.4,20.81,21.58,20.42,21.51
9/1/2023 10:00,23.12,27.43,24.18,27.4,23.63,27.28
9/1/2023 11:00,38.46,37.51,38.46,37.96,38.46,37.86
9/1/2023 12:00,71.96,54.04,73.84,54.84,73.86,54.91
9/1/2023 13:00,73.28,91.38,75.13,91.37,75.14,91.65
9/1/2023 14:00,61.52,135.3,60.79,137.16,60.77,137.31
9/1/2023 15:00,45.95,216.13,46.12,212.2,46.11,213.19
9/1/2023 16:00,54.01,262.14,54.01,254.64,54.01,259.29
9/1/2023 17:00,55.29,211.46,55.29,188.93,55.29,205.19
9/1/2023 18:00,121.25,261.96,121.25,215.63,121.25,263.05
9/1/2023 19:00,132.13,376.38,64.1,286.4,111.78,384.32
9/1/2023 20:00,56.42,116.38,36.26,80.64,38.76,101.57
9/1/2023 21:00,40.8,48.7,29.88,35.21,28.66,34.89
9/1/2023 22:00,35.52,41.22,26.96,28.72,26.01,28.23
9/1/2023 23:00,26.15,35.45,21.93,24.9,21.49,24.26
