Date,GS-PIQ: ERCOT COAST Demand Forecast (Mod) Multi-Day (52627)-MW,GS-PIQ: ERCOT EAST Demand Forecast (Mod) Multi-Day (52631)-MW,GS-PIQ: ERCOT FAR WEST Demand Forecast (Mod) Multi-Day (52635)-MW,GS-PIQ: ERCOT NORTH Demand Forecast (Mod) Multi-Day (52639)-MW,GS-PIQ: ERCOT NORTH CENTRAL Demand Forecast (Mod) Multi-Day (52643)-MW,GS-PIQ: ERCOT SOUTH Demand Forecast (Mod) Multi-Day (52647)-MW,GS-PIQ: ERCOT SOUTH CENTRAL Demand Forecast (Mod) Multi-Day (52651)-MW,GS-PIQ: ERCOT WEST Demand Forecast (Mod) Multi-Day (52655)-MW
7/1/2023 0:00,15070,2032,5914,1547,18592,4759,10129,1556
7/1/2023 1:00,14516,1929,5807,1487,17684,4528,9426,1477
7/1/2023 2:00,14009,1822,5743,1401,16911,4340,8893,1404
7/1/2023 3:00,13665,1748,5712,1350,16277,4179,8474,1340
7/1/2023 4:00,13353,1689,5694,1314,15821,4089,8134,1307
7/1/2023 5:00,13157,1664,5687,1295,15524,4017,7987,1277
7/1/2023 6:00,13059,1656,5712,1289,15346,3995,7941,1270
7/1/2023 7:00,13288,1676,5751,1301,15545,4053,8119,1285
7/1/2023 8:00,14205,1825,5810,1327,15943,4228,8591,1341
7/1/2023 9:00,15417,2007,5897,1418,16957,4600,9204,1440
7/1/2023 10:00,16777,2178,5988,1499,18237,4955,9857,1534
7/1/2023 11:00,17907,2351,6060,1592,19625,5255,10503,1616
7/1/2023 12:00,18904,2530,6109,1683,21000,5497,11043,1715
7/1/2023 13:00,19697,2663,6135,1758,22142,5730,11648,1797
7/1/2023 14:00,20269,2750,6148,1821,22977,5901,12270,1871
7/1/2023 15:00,20560,2796,6140,1878,23430,6031,12769,1927
7/1/2023 16:00,20357,2821,6094,1912,23550,6089,13056,1955
7/1/2023 17:00,19975,2804,6041,1919,23251,6067,13217,1957
7/1/2023 18:00,19286,2752,6003,1898,22632,5946,13091,1920
7/1/2023 19:00,18317,2628,6002,1838,22193,5739,12733,1819
7/1/2023 20:00,17612,2492,6040,1783,21534,5475,12348,1719
7/1/2023 21:00,17128,2382,6052,1747,20756,5318,11971,1684
7/1/2023 22:00,16526,2273,6002,1666,19639,5080,11426,1612
7/1/2023 23:00,15792,2113,5893,1571,18681,4865,10660,1531
7/2/2023 0:00,15014,1987,5764,1467,17683,4596,9699,1464
7/2/2023 1:00,14230,1867,5743,1363,16523,4374,9198,1387
7/2/2023 2:00,13748,1776,5698,1280,15757,4176,8655,1321
7/2/2023 3:00,13297,1700,5670,1233,15198,4009,8331,1265
7/2/2023 4:00,12988,1654,5658,1207,14761,3881,8080,1229
7/2/2023 5:00,12768,1625,5664,1194,14428,3806,7872,1196
7/2/2023 6:00,12732,1620,5687,1208,14288,3784,7798,1178
7/2/2023 7:00,13007,1654,5712,1225,14393,3863,7830,1169
7/2/2023 8:00,14075,1799,5761,1266,14865,4088,8206,1198
7/2/2023 9:00,15314,1983,5833,1332,16089,4455,8877,1290
7/2/2023 10:00,16550,2157,5914,1432,17744,4805,9596,1350
7/2/2023 11:00,17800,2319,5996,1545,19197,5118,10358,1399
7/2/2023 12:00,18705,2489,6077,1679,20697,5432,11057,1465
7/2/2023 13:00,19393,2615,6139,1790,21893,5711,11754,1505
7/2/2023 14:00,19832,2704,6163,1881,22806,5892,12362,1556
7/2/2023 15:00,20021,2759,6139,1945,23154,5980,12803,1603
7/2/2023 16:00,20052,2768,6057,1979,23067,6033,12987,1622
7/2/2023 17:00,19894,2752,5971,1974,22738,5991,12980,1614
7/2/2023 18:00,19365,2695,6019,1950,22151,5898,12809,1588
7/2/2023 19:00,18747,2594,6081,1877,21269,5759,12432,1540
7/2/2023 20:00,18129,2529,6068,1801,20414,5572,12186,1494
7/2/2023 21:00,17566,2460,6032,1720,19588,5428,11772,1493
7/2/2023 22:00,16770,2300,5988,1606,18240,5149,11081,1445
7/2/2023 23:00,15863,2099,5861,1488,16789,4837,10287,1396
7/3/2023 0:00,14992,1929,5762,1394,15674,4534,9462,1374
7/3/2023 1:00,14184,1808,5694,1306,14717,4258,8839,1328
7/3/2023 2:00,13678,1717,5651,1240,13956,4037,8418,1290
7/3/2023 3:00,13362,1660,5618,1204,13629,3892,8113,1234
7/3/2023 4:00,13201,1636,5594,1185,13542,3815,7976,1201
7/3/2023 5:00,13403,1691,5584,1208,13869,3833,8071,1177
7/3/2023 6:00,13543,1755,5588,1238,14434,3919,8260,1189
7/3/2023 7:00,13777,1813,5615,1271,14847,3973,8386,1206
7/3/2023 8:00,14676,1925,5689,1345,15587,4249,8870,1228
7/3/2023 9:00,15628,2082,5795,1435,16717,4596,9438,1286
7/3/2023 10:00,16715,2246,5905,1533,18262,4941,10037,1375
7/3/2023 11:00,17871,2401,5981,1647,19979,5259,10752,1451
7/3/2023 12:00,18972,2568,6027,1748,21472,5599,11289,1567
7/3/2023 13:00,19856,2697,6058,1835,22536,5873,11814,1641
7/3/2023 14:00,20267,2767,6069,1864,22828,6025,12223,1691
7/3/2023 15:00,20304,2792,6080,1868,22673,6097,12565,1705
7/3/2023 16:00,20032,2792,6087,1842,22176,6079,12793,1711
7/3/2023 17:00,19312,2759,6095,1792,21214,6025,12906,1703
7/3/2023 18:00,18319,2700,6098,1713,20150,5937,12908,1673
7/3/2023 19:00,17559,2593,6095,1629,19001,5765,12747,1579
7/3/2023 20:00,17201,2487,6080,1574,18066,5582,12404,1510
7/3/2023 21:00,16757,2383,6055,1526,17181,5420,11961,1450
7/3/2023 22:00,16187,2251,6020,1448,16099,5143,11136,1398
7/3/2023 23:00,15406,2080,5964,1365,15207,4825,10290,1355
7/4/2023 0:00,14430,1922,5855,1300,14623,4516,9571,1311
7/4/2023 1:00,13601,1769,5748,1242,13977,4281,8826,1280
7/4/2023 2:00,12975,1651,5696,1196,13325,4100,8332,1253
7/4/2023 3:00,12513,1578,5662,1164,12934,3945,7994,1234
7/4/2023 4:00,12305,1539,5647,1146,12752,3888,7821,1230
7/4/2023 5:00,12254,1555,5647,1142,12797,3910,7758,1228
7/4/2023 6:00,12385,1594,5654,1163,13067,3938,7749,1232
7/4/2023 7:00,12625,1666,5691,1196,13270,4011,7813,1251
7/4/2023 8:00,13390,1805,5749,1253,14375,4184,8077,1305
7/4/2023 9:00,14475,1994,5824,1389,16133,4572,8708,1380
7/4/2023 10:00,15767,2180,5891,1519,17888,4961,9441,1468
7/4/2023 11:00,17155,2371,5953,1625,19806,5314,10156,1625
7/4/2023 12:00,18430,2545,5991,1731,21294,5596,10825,1717
7/4/2023 13:00,19222,2700,6023,1808,22421,5870,11437,1807
7/4/2023 14:00,19801,2824,6055,1873,23368,6020,11918,1863
7/4/2023 15:00,19938,2883,6083,1908,23909,6100,12358,1894
7/4/2023 16:00,19755,2906,6109,1917,23976,6122,12679,1911
7/4/2023 17:00,19298,2865,6126,1882,23743,6007,12913,1898
7/4/2023 18:00,18476,2769,6144,1850,23150,5857,12882,1833
7/4/2023 19:00,17958,2612,6151,1812,22387,5676,12551,1728
7/4/2023 20:00,17623,2446,6147,1739,21157,5392,11984,1633
7/4/2023 21:00,16998,2377,6123,1652,19970,5111,11470,1572
7/4/2023 22:00,16161,2268,6060,1566,18868,4852,10929,1512
7/4/2023 23:00,15292,2061,5945,1484,17681,4613,10222,1466
7/5/2023 0:00,14531,1928,5835,1410,16651,4377,9431,1433
7/5/2023 1:00,13740,1736,5873,1353,15292,4300,8807,1460
7/5/2023 2:00,13155,1664,5835,1295,14592,4138,8255,1382
7/5/2023 3:00,12811,1605,5817,1255,14156,3999,7869,1336
7/5/2023 4:00,12706,1580,5800,1227,13893,3919,7660,1305
7/5/2023 5:00,12886,1614,5795,1237,14156,3928,7702,1293
7/5/2023 6:00,13140,1664,5802,1281,14680,4012,7875,1307
7/5/2023 7:00,13530,1742,5820,1313,14855,4041,8015,1337
7/5/2023 8:00,14460,1873,5871,1367,15859,4296,8551,1407
7/5/2023 9:00,15625,2081,5954,1474,17433,4669,9227,1509
7/5/2023 10:00,16674,2281,6055,1581,19005,5033,10000,1640
7/5/2023 11:00,17582,2485,6144,1686,20447,5388,10837,1774
7/5/2023 12:00,18460,2671,6204,1801,21745,5692,11566,1909
7/5/2023 13:00,19221,2816,6238,1924,22937,5909,12210,2007
7/5/2023 14:00,19572,2893,6251,2019,23767,6056,12726,2071
7/5/2023 15:00,19865,2896,6234,2071,24335,6116,13066,2102
7/5/2023 16:00,19894,2857,6176,2100,24589,6121,13249,2106
7/5/2023 17:00,19572,2777,6059,2098,24466,6084,13241,2098
7/5/2023 18:00,18840,2670,6015,2062,23898,5955,13133,2068
7/5/2023 19:00,18138,2553,6097,1992,22850,5775,12936,2012
7/5/2023 20:00,17611,2454,6194,1962,21852,5595,12603,1935
7/5/2023 21:00,17055,2361,6248,1899,21086,5466,12139,1840
7/5/2023 22:00,16147,2225,6183,1775,19724,5204,11386,1736
7/5/2023 23:00,15211,2089,6099,1656,18156,4876,10621,1634
7/6/2023 0:00,14175,1953,6008,1556,16879,4554,9794,1495
7/6/2023 1:00,13569,1847,5944,1466,15916,4322,9191,1389
7/6/2023 2:00,13079,1766,5894,1390,15145,4123,8731,1317
7/6/2023 3:00,12826,1710,5861,1336,14597,4006,8394,1261
7/6/2023 4:00,12784,1688,5843,1308,14384,3922,8240,1228
7/6/2023 5:00,13093,1705,5828,1320,14555,3963,8210,1217
7/6/2023 6:00,13373,1748,5832,1365,14853,4054,8312,1247
7/6/2023 7:00,13639,1823,5846,1382,15278,4106,8558,1285
7/6/2023 8:00,14582,1946,5876,1428,16171,4292,8989,1348
7/6/2023 9:00,15571,2108,5941,1487,17405,4568,9510,1463
7/6/2023 10:00,16684,2280,6001,1573,18766,4865,10138,1576
7/6/2023 11:00,17704,2433,6076,1652,20105,5165,10829,1676
7/6/2023 12:00,18559,2578,6126,1731,21247,5428,11505,1770
7/6/2023 13:00,19148,2704,6144,1822,22147,5683,12002,1857
7/6/2023 14:00,19414,2787,6144,1890,22740,5827,12368,1928
7/6/2023 15:00,19399,2828,6110,1939,23201,5912,12630,1976
7/6/2023 16:00,19222,2816,6063,1971,23421,5937,12766,2002
7/6/2023 17:00,18839,2765,6006,1985,23201,5897,12755,2002
7/6/2023 18:00,18184,2692,6000,1962,22806,5759,12546,1978
7/6/2023 19:00,17642,2569,6044,1890,21862,5606,12180,1909
7/6/2023 20:00,17256,2487,6154,1855,21137,5433,11771,1822
7/6/2023 21:00,16870,2343,6197,1781,20281,5322,11405,1767
7/6/2023 22:00,16251,2196,6170,1701,18810,5051,10913,1672
7/6/2023 23:00,15262,2034,6079,1599,17250,4771,10211,1582
7/7/2023 0:00,14582,1880,5998,1508,16021,4458,9583,1496
7/7/2023 1:00,12608,1683,5904,1429,15238,3714,8131,1455
7/7/2023 2:00,12179,1590,5861,1356,14367,3578,7785,1398
7/7/2023 3:00,11934,1534,5829,1306,13683,3475,7523,1348
7/7/2023 4:00,11903,1502,5807,1278,13393,3428,7425,1323
7/7/2023 5:00,12042,1536,5800,1293,13559,3545,7577,1311
7/7/2023 6:00,12394,1600,5809,1326,13849,3634,7784,1319
7/7/2023 7:00,12884,1675,5826,1361,14284,3711,7914,1341
7/7/2023 8:00,13727,1817,5873,1427,15341,3870,8284,1424
7/7/2023 9:00,14937,1999,5935,1515,16702,4034,8871,1533
7/7/2023 10:00,16102,2209,6018,1636,18116,4349,9567,1631
7/7/2023 11:00,17297,2419,6205,1760,19674,4599,10252,1732
7/7/2023 12:00,18263,2612,6259,1873,21063,4795,10948,1856
7/7/2023 13:00,19029,2768,6241,1980,22286,5009,11449,1937
7/7/2023 14:00,19626,2868,6214,2053,23115,5137,11818,2007
7/7/2023 15:00,19749,2915,6168,2092,23675,5251,12003,2068
7/7/2023 16:00,19473,2926,6143,2112,24048,5300,12068,2095
7/7/2023 17:00,18891,2871,6133,2105,23799,5260,11971,2082
7/7/2023 18:00,18171,2771,6146,2081,23293,5130,11710,2033
7/7/2023 19:00,17588,2635,6184,2042,22486,4987,11220,1973
7/7/2023 20:00,17129,2529,6209,1956,21477,4809,10850,1869
7/7/2023 21:00,16700,2422,6179,1876,20876,4670,10568,1808
7/7/2023 22:00,16052,2267,6117,1799,19570,4567,10209,1740
7/7/2023 23:00,15247,2108,6041,1685,18244,4402,9665,1687
7/8/2023 0:00,14505,1964,5940,1596,17083,4232,9187,1629
7/8/2023 1:00,13892,1856,5908,1557,16602,4130,8930,1459
7/8/2023 2:00,13470,1772,5862,1500,15881,3984,8503,1409
7/8/2023 3:00,13107,1714,5829,1441,15257,3859,8201,1358
7/8/2023 4:00,12859,1661,5810,1419,14731,3778,7996,1328
7/8/2023 5:00,12758,1629,5793,1413,14380,3739,7850,1301
7/8/2023 6:00,12685,1643,5783,1422,14224,3735,7771,1296
7/8/2023 7:00,12961,1680,5783,1461,14477,3786,7867,1307
7/8/2023 8:00,13862,1810,5817,1509,15258,4001,8211,1413
7/8/2023 9:00,15055,1991,5892,1576,16627,4317,8949,1532
7/8/2023 10:00,16210,2173,6025,1663,18057,4685,9706,1652
7/8/2023 11:00,17322,2363,6138,1752,19421,4976,10454,1766
7/8/2023 12:00,18107,2537,6253,1831,20692,5234,11086,1867
7/8/2023 13:00,18689,2687,6298,1904,21867,5444,11644,1946
7/8/2023 14:00,19052,2780,6291,1983,22629,5590,12134,2024
7/8/2023 15:00,19256,2840,6279,2033,23047,5685,12547,2079
7/8/2023 16:00,19183,2872,6264,2067,23219,5726,12765,2101
7/8/2023 17:00,18994,2846,6258,2077,23121,5672,12884,2090
7/8/2023 18:00,18631,2780,6264,2057,22899,5564,12776,2051
7/8/2023 19:00,18168,2681,6284,2022,22456,5429,12482,1982
7/8/2023 20:00,17536,2561,6308,1927,21669,5225,12090,1907
7/8/2023 21:00,16936,2487,6314,1855,20857,5113,11557,1868
7/8/2023 22:00,16384,2357,6274,1756,19921,4918,11101,1792
7/8/2023 23:00,15658,2157,6152,1666,18654,4723,10507,1691
7/9/2023 0:00,15010,2033,6060,1567,17431,4532,9915,1614
7/9/2023 1:00,13896,1893,6080,1386,16872,4347,9240,1548
7/9/2023 2:00,13443,1798,6015,1301,16118,4200,8795,1491
7/9/2023 3:00,13075,1727,5966,1264,15472,4057,8401,1442
7/9/2023 4:00,12806,1687,5930,1239,14955,3951,8143,1400
7/9/2023 5:00,12622,1672,5903,1226,14568,3882,7934,1369
7/9/2023 6:00,12593,1682,5889,1238,14352,3837,7816,1362
7/9/2023 7:00,12834,1727,5897,1260,14546,3857,7921,1375
7/9/2023 8:00,13825,1829,5944,1311,15106,4045,8404,1460
7/9/2023 9:00,15158,1993,6026,1371,16247,4400,9108,1575
7/9/2023 10:00,16462,2170,6147,1431,17518,4719,9839,1685
7/9/2023 11:00,17589,2356,6235,1494,18702,5000,10574,1776
7/9/2023 12:00,18432,2517,6307,1559,19693,5282,11231,1864
7/9/2023 13:00,19039,2642,6337,1617,20554,5523,11851,1954
7/9/2023 14:00,19403,2717,6342,1664,21157,5699,12332,2017
7/9/2023 15:00,19554,2764,6327,1709,21609,5829,12747,2068
7/9/2023 16:00,19494,2780,6319,1740,21975,5907,13070,2107
7/9/2023 17:00,19281,2758,6315,1753,22255,5911,13272,2118
7/9/2023 18:00,18887,2675,6315,1738,22018,5837,13191,2094
7/9/2023 19:00,18372,2628,6321,1700,21351,5673,12918,2042
7/9/2023 20:00,17856,2509,6342,1640,20662,5494,12544,1969
7/9/2023 21:00,17460,2381,6368,1603,19865,5363,12100,1899
7/9/2023 22:00,16674,2220,6352,1538,18573,5086,11423,1806
7/9/2023 23:00,15780,2056,6288,1444,17367,4821,10624,1705
7/10/2023 0:00,14976,1901,6183,1375,16118,4548,9859,1624
7/10/2023 1:00,14208,1787,6086,1307,15084,4340,9316,1527
7/10/2023 2:00,13667,1710,6016,1265,14395,4152,8817,1449
7/10/2023 3:00,13342,1660,5962,1235,13921,4034,8503,1392
7/10/2023 4:00,13214,1635,5919,1216,13706,3969,8329,1357
7/10/2023 5:00,13441,1671,5893,1235,13878,3977,8361,1334
7/10/2023 6:00,13636,1732,5874,1284,14288,4046,8503,1344
7/10/2023 7:00,14036,1823,5883,1314,14675,4140,8654,1374
7/10/2023 8:00,15028,1943,5920,1376,15709,4299,9110,1476
7/10/2023 9:00,16162,2112,5981,1454,17065,4597,9751,1598
7/10/2023 10:00,17454,2301,6097,1553,18800,4992,10524,1728
7/10/2023 11:00,18576,2503,6190,1654,20300,5314,11293,1856
7/10/2023 12:00,19560,2675,6256,1757,21655,5592,12017,1973
7/10/2023 13:00,20364,2792,6282,1843,22676,5836,12645,2067
7/10/2023 14:00,20821,2880,6292,1910,23447,6000,13158,2148
7/10/2023 15:00,20995,2933,6291,1960,24056,6085,13495,2199
7/10/2023 16:00,20951,2958,6286,1997,24448,6107,13733,2230
7/10/2023 17:00,20641,2939,6284,2011,24531,6069,13874,2217
7/10/2023 18:00,19948,2880,6288,1999,24098,5953,13853,2171
7/10/2023 19:00,19198,2800,6314,1945,23177,5782,13625,2111
7/10/2023 20:00,18544,2656,6337,1869,22114,5646,13127,2037
7/10/2023 21:00,17895,2559,6355,1826,21322,5518,12578,1980
7/10/2023 22:00,17013,2392,6344,1721,19855,5211,11800,1858
7/10/2023 23:00,16105,2231,6274,1620,18465,4875,11013,1746
7/11/2023 0:00,15290,2062,6175,1519,17453,4584,10222,1666
7/11/2023 1:00,14593,1904,6080,1433,16646,4452,9626,1601
7/11/2023 2:00,14056,1824,6008,1361,16148,4250,9200,1551
7/11/2023 3:00,13759,1766,5945,1321,15768,4118,8854,1510
7/11/2023 4:00,13643,1729,5912,1297,15554,4027,8655,1482
7/11/2023 5:00,13802,1760,5884,1323,15483,4017,8640,1465
7/11/2023 6:00,14063,1813,5866,1367,15673,4110,8720,1467
7/11/2023 7:00,14352,1882,5879,1403,16053,4158,8887,1493
7/11/2023 8:00,15234,1982,5910,1476,16860,4366,9290,1568
7/11/2023 9:00,16377,2157,5979,1546,18232,4660,9972,1670
7/11/2023 10:00,17622,2351,6085,1632,19681,5005,10649,1782
7/11/2023 11:00,18721,2517,6191,1730,20961,5322,11408,1869
7/11/2023 12:00,19676,2657,6272,1819,21990,5611,12166,1973
7/11/2023 13:00,20573,2767,6273,1893,22939,5852,12814,2073
7/11/2023 14:00,21108,2851,6234,1946,23818,6017,13269,2153
7/11/2023 15:00,21369,2904,6192,1989,24388,6137,13585,2206
7/11/2023 16:00,21181,2924,6186,2010,24744,6181,13792,2232
7/11/2023 17:00,20848,2876,6187,2006,24934,6141,13879,2218
7/11/2023 18:00,20370,2814,6196,1984,24649,6013,13857,2179
7/11/2023 19:00,19560,2719,6208,1936,23984,5840,13661,2104
7/11/2023 20:00,18982,2657,6223,1887,23106,5619,13215,2018
7/11/2023 21:00,18461,2601,6231,1847,22037,5515,12608,1962
7/11/2023 22:00,17490,2424,6239,1783,20897,5247,11805,1847
7/11/2023 23:00,16503,2287,6228,1698,19520,4937,11066,1743
7/12/2023 0:00,15606,2129,6210,1622,18546,4672,10272,1657
7/12/2023 1:00,14844,1792,6174,1512,16203,4396,9590,1594
7/12/2023 2:00,14334,1720,6116,1466,15417,4226,9130,1520
7/12/2023 3:00,14017,1668,6091,1418,14954,4104,8853,1473
7/12/2023 4:00,13882,1643,6075,1395,14723,4015,8690,1441
7/12/2023 5:00,14062,1663,6071,1405,14825,4043,8658,1428
7/12/2023 6:00,14303,1720,6069,1446,15180,4151,8755,1420
7/12/2023 7:00,14665,1787,6071,1472,15735,4200,8948,1434
7/12/2023 8:00,15365,1916,6081,1544,16623,4391,9343,1504
7/12/2023 9:00,16458,2070,6098,1656,17911,4729,9974,1648
7/12/2023 10:00,17654,2257,6142,1767,19554,5061,10702,1778
7/12/2023 11:00,18790,2448,6191,1895,21152,5402,11487,1889
7/12/2023 12:00,19826,2624,6244,2030,22620,5730,12301,2002
7/12/2023 13:00,20580,2791,6257,2136,23942,5950,12932,2117
7/12/2023 14:00,21034,2882,6247,2206,24950,6124,13414,2216
7/12/2023 15:00,21260,2941,6219,2246,25517,6221,13711,2285
7/12/2023 16:00,21169,2970,6206,2260,25880,6217,13903,2322
7/12/2023 17:00,20868,2954,6197,2262,26036,6151,13970,2301
7/12/2023 18:00,20326,2910,6199,2242,25791,6023,13884,2231
7/12/2023 19:00,19558,2817,6215,2202,25034,5851,13586,2142
7/12/2023 20:00,18986,2689,6264,2084,23826,5651,13097,2040
7/12/2023 21:00,18369,2609,6278,2022,22595,5463,12627,2007
7/12/2023 22:00,17510,2496,6264,1903,21218,5225,11888,1837
7/12/2023 23:00,16597,2321,6231,1796,19887,4866,11024,1726
7/13/2023 0:00,15674,2142,6186,1689,18555,4595,10257,1624
7/13/2023 1:00,15099,1993,6208,1646,18095,4405,9575,1545
7/13/2023 2:00,14580,1892,6152,1584,17116,4224,9077,1456
7/13/2023 3:00,14209,1835,6102,1539,16553,4068,8731,1386
7/13/2023 4:00,13990,1809,6060,1511,16162,3989,8606,1343
7/13/2023 5:00,14148,1828,6028,1522,16015,4009,8587,1325
7/13/2023 6:00,14450,1881,5998,1561,16088,4124,8734,1346
7/13/2023 7:00,14680,1925,5984,1584,16333,4176,8856,1386
7/13/2023 8:00,15573,2007,5997,1648,17189,4339,9326,1489
7/13/2023 9:00,16736,2178,6050,1740,18388,4705,10009,1642
7/13/2023 10:00,17872,2359,6146,1848,19759,5020,10674,1776
7/13/2023 11:00,18937,2537,6245,1954,21259,5346,11475,1875
7/13/2023 12:00,19900,2711,6285,2067,22666,5617,12210,1971
7/13/2023 13:00,20619,2861,6263,2170,24094,5848,12883,2058
7/13/2023 14:00,20979,2977,6228,2243,25211,6035,13445,2121
7/13/2023 15:00,21079,3036,6173,2289,25893,6139,13741,2176
7/13/2023 16:00,20979,3057,6116,2302,26245,6122,13934,2213
7/13/2023 17:00,20590,3041,6109,2294,26307,6062,13985,2202
7/13/2023 18:00,19943,2993,6140,2273,26080,5936,13893,2175
7/13/2023 19:00,19210,2888,6211,2225,25169,5735,13659,2099
7/13/2023 20:00,18781,2732,6269,2126,23878,5549,13150,2016
7/13/2023 21:00,18222,2656,6305,2017,22749,5391,12422,1986
7/13/2023 22:00,17391,2484,6317,1918,21383,5134,11717,1851
7/13/2023 23:00,16462,2304,6294,1808,19997,4838,11065,1721
7/14/2023 0:00,15629,2160,6238,1718,18653,4588,10175,1598
7/14/2023 1:00,15086,2003,6149,1632,18424,4530,10099,1510
7/14/2023 2:00,14445,1889,6076,1558,17475,4320,9513,1418
7/14/2023 3:00,14048,1830,6016,1511,16969,4188,9038,1370
7/14/2023 4:00,13911,1799,5973,1491,16672,4111,8804,1350
7/14/2023 5:00,14080,1805,5952,1504,16562,4073,8694,1355
7/14/2023 6:00,14276,1856,5940,1543,16628,4120,8694,1383
7/14/2023 8:00,15526,2058,5962,1621,17465,4364,9305,1498
7/14/2023 9:00,16733,2253,6034,1702,18634,4736,9967,1617
7/14/2023 10:00,17988,2458,6139,1801,20111,5056,10641,1738
7/14/2023 11:00,19275,2662,6278,1923,21611,5367,11345,1849
7/14/2023 12:00,20401,2861,6331,2031,23022,5652,12165,1949
7/14/2023 13:00,21270,3015,6341,2127,24234,5920,12888,2052
7/14/2023 14:00,21801,3117,6324,2198,25337,6124,13419,2114
7/14/2023 15:00,22043,3165,6256,2236,26064,6227,13730,2154
7/14/2023 16:00,21898,3157,6175,2259,26549,6205,13955,2174
7/14/2023 17:00,21399,3133,6151,2269,26660,6138,14041,2151
7/14/2023 18:00,20739,3082,6209,2255,26307,6009,13955,2094
7/14/2023 19:00,19758,2955,6276,2196,25491,5822,13569,2020
7/14/2023 20:00,19066,2802,6310,2086,24168,5563,12957,1939
7/14/2023 21:00,18438,2643,6331,2004,22581,5416,12378,1903
7/14/2023 22:00,17698,2506,6317,1891,21214,5154,11659,1824
7/14/2023 23:00,16588,2300,6279,1796,19869,4866,10941,1723
7/15/2023 0:00,15575,2133,6214,1703,18638,4612,10232,1624
7/15/2023 1:00,14770,1986,6158,1610,18442,4607,9658,1534
7/15/2023 2:00,14150,1880,6077,1542,17415,4433,9130,1466
7/15/2023 3:00,13686,1809,6022,1488,16757,4259,8688,1418
7/15/2023 4:00,13407,1756,5977,1447,16287,4117,8381,1395
7/15/2023 5:00,13221,1726,5952,1412,15911,4023,8187,1386
7/15/2023 6:00,13160,1738,5939,1394,15794,3983,8069,1397
7/15/2023 7:00,13423,1764,5942,1399,15911,4005,8091,1431
7/15/2023 8:00,14296,1866,5968,1461,16546,4184,8685,1481
7/15/2023 9:00,15590,2089,6013,1561,17626,4494,9416,1566
7/15/2023 10:00,16937,2297,6065,1653,18919,4819,10137,1653
7/15/2023 11:00,18098,2471,6107,1746,20188,5130,10837,1745
7/15/2023 12:00,19120,2666,6146,1845,21480,5421,11547,1841
7/15/2023 13:00,19941,2798,6182,1928,22631,5663,12288,1947
7/15/2023 14:00,20554,2924,6220,2032,23548,5846,12777,2041
7/15/2023 15:00,20922,3009,6253,2092,24159,5977,13220,2103
7/15/2023 16:00,21014,3047,6288,2109,24558,6016,13538,2136
7/15/2023 17:00,20845,3014,6302,2102,24652,5990,13720,2156
7/15/2023 18:00,20354,2958,6294,2071,24300,5876,13641,2120
7/15/2023 19:00,19603,2858,6250,2017,23571,5659,13322,2078
7/15/2023 20:00,19051,2725,6218,1915,22263,5435,12868,1948
7/15/2023 21:00,18392,2638,6214,1861,21156,5268,12186,1894
7/15/2023 22:00,17548,2464,6228,1792,20163,5078,11434,1799
7/15/2023 23:00,16720,2288,6220,1690,19171,4850,10825,1693
7/16/2023 0:00,15923,2135,6174,1602,18110,4632,10171,1599
7/16/2023 1:00,15248,2004,6106,1552,17185,4390,9499,1548
7/16/2023 2:00,14619,1902,6024,1461,16305,4228,8939,1477
7/16/2023 3:00,14151,1825,5957,1406,15719,4070,8531,1414
7/16/2023 4:00,13852,1766,5896,1363,15217,3936,8251,1358
7/16/2023 5:00,13627,1736,5855,1338,14833,3838,8052,1309
7/16/2023 6:00,13537,1728,5841,1328,14612,3782,7984,1293
7/16/2023 7:00,13717,1766,5837,1342,14599,3820,8005,1320
7/16/2023 8:00,14497,1876,5853,1391,15242,4037,8485,1424
7/16/2023 9:00,15555,2050,5920,1451,16283,4436,9188,1528
7/16/2023 10:00,16858,2203,6037,1522,17511,4745,9949,1639
7/16/2023 11:00,17962,2346,6196,1585,18960,5067,10675,1743
7/16/2023 12:00,18990,2507,6284,1667,20311,5368,11434,1851
7/16/2023 13:00,19779,2630,6322,1749,21686,5616,12127,1953
7/16/2023 14:00,20363,2731,6290,1824,22767,5809,12652,2039
7/16/2023 15:00,20615,2808,6229,1905,23479,5977,12967,2090
7/16/2023 16:00,20767,2861,6151,1972,23952,6053,13189,2124
7/16/2023 17:00,20722,2874,6039,2007,23927,6010,13364,2141
7/16/2023 18:00,20497,2846,5963,1989,23630,5923,13492,2119
7/16/2023 19:00,19764,2753,5914,1944,22962,5757,13562,2066
7/16/2023 20:00,19030,2597,5936,1882,22244,5547,13037,1985
7/16/2023 21:00,18565,2523,6035,1854,21416,5390,12336,1917
7/16/2023 22:00,17564,2367,6123,1755,20041,5087,11626,1815
7/16/2023 23:00,16651,2206,6144,1632,18558,4785,10825,1732
7/17/2023 0:00,15753,2054,6104,1541,17296,4485,10084,1642
7/17/2023 1:00,15079,1929,6011,1466,16356,4233,9554,1555
7/17/2023 2:00,14558,1844,5936,1415,15479,4038,8997,1490
7/17/2023 3:00,14235,1783,5874,1375,15024,3908,8648,1437
7/17/2023 4:00,14082,1758,5834,1359,14956,3821,8510,1401
7/17/2023 5:00,14189,1778,5814,1373,15104,3831,8498,1385
7/17/2023 6:00,14357,1861,5813,1417,15497,3887,8582,1386
7/17/2023 7:00,14603,1920,5824,1452,15718,3953,8797,1408
7/17/2023 8:00,15366,2055,5869,1544,16503,4177,9212,1477
7/17/2023 9:00,16511,2248,5937,1640,17614,4472,9810,1607
7/17/2023 10:00,17720,2471,6032,1756,19238,4849,10475,1731
7/17/2023 11:00,18884,2669,6125,1865,20856,5222,11186,1856
7/17/2023 12:00,19873,2848,6205,1958,22304,5556,11957,1980
7/17/2023 13:00,20547,2957,6219,2055,23697,5801,12637,2094
7/17/2023 14:00,20984,3034,6202,2140,24731,5989,13162,2171
7/17/2023 15:00,21297,3081,6032,2184,25615,6098,13365,2214
7/17/2023 16:00,21406,3100,5902,2195,26094,6135,13567,2232
7/17/2023 17:00,21243,3079,5874,2197,26268,6089,13734,2226
7/17/2023 18:00,20778,3060,5898,2177,25993,5991,13854,2195
7/17/2023 19:00,19980,2982,5983,2129,25287,5807,13961,2142
7/17/2023 20:00,19348,2779,6098,2025,24137,5612,13508,2051
7/17/2023 21:00,18783,2660,6190,1986,22832,5492,12864,1963
7/17/2023 22:00,17812,2520,6211,1879,21478,5187,12363,1853
7/17/2023 23:00,16784,2329,6172,1750,20049,4867,11385,1768
7/18/2023 0:00,15734,2172,6106,1655,18569,4586,10514,1679
7/18/2023 1:00,15015,2028,6047,1573,17491,4372,9701,1591
7/18/2023 2:00,14526,1905,5999,1516,16638,4171,9182,1524
7/18/2023 3:00,14214,1850,5954,1476,16212,4035,8859,1463
7/18/2023 4:00,14066,1824,5918,1460,15911,3961,8653,1426
7/18/2023 5:00,14199,1836,5890,1460,15786,3937,8585,1410
7/18/2023 6:00,14452,1877,5880,1472,15811,4003,8705,1424
7/18/2023 7:00,14823,1941,5889,1493,16096,4031,8898,1465
7/18/2023 8:00,15685,2078,5914,1557,17056,4255,9337,1532
7/18/2023 9:00,16789,2286,5957,1668,18412,4579,9947,1658
7/18/2023 10:00,17956,2506,6065,1786,20066,4943,10741,1788
7/18/2023 11:00,19099,2700,6164,1900,21727,5307,11469,1912
7/18/2023 12:00,20044,2873,6248,2006,23187,5593,12236,2028
7/18/2023 13:00,20901,2997,6286,2108,24433,5832,12928,2136
7/18/2023 14:00,21444,3081,6251,2186,25508,5999,13414,2222
7/18/2023 15:00,21683,3136,6163,2238,26285,6098,13695,2271
7/18/2023 16:00,21725,3158,6015,2249,26697,6135,13857,2290
7/18/2023 17:00,21473,3144,5977,2234,26915,6079,13997,2277
7/18/2023 18:00,20883,3100,5999,2207,26557,5977,13965,2240
7/18/2023 19:00,19898,3014,6043,2169,25789,5841,13825,2170
7/18/2023 20:00,19390,2870,6094,2104,24878,5599,13349,2073
7/18/2023 21:00,18809,2729,6203,2026,23105,5446,12755,1984
7/18/2023 22:00,17951,2530,6246,1912,21716,5168,11912,1888
7/18/2023 23:00,16876,2339,6216,1784,20182,4833,11069,1782
7/19/2023 0:00,15798,2178,6158,1692,18871,4577,10194,1681
7/19/2023 1:00,15002,2029,6119,1608,18832,4454,9884,1559
7/19/2023 2:00,14493,1923,6066,1550,17949,4272,9264,1490
7/19/2023 3:00,14144,1857,5992,1512,17361,4113,8842,1447
7/19/2023 4:00,13999,1827,5951,1496,16987,4019,8597,1408
7/19/2023 5:00,14108,1831,5921,1504,16720,3987,8532,1390
7/19/2023 6:00,14297,1862,5913,1535,16660,4015,8644,1402
7/19/2023 7:00,14696,1922,5923,1548,16840,4106,8830,1438
7/19/2023 8:00,15534,2047,5946,1608,17583,4298,9258,1495
7/19/2023 9:00,16625,2241,5994,1684,18843,4609,9862,1618
7/19/2023 10:00,17847,2459,6062,1803,20216,4924,10591,1730
7/19/2023 11:00,18924,2651,6144,1922,21671,5284,11337,1857
7/19/2023 12:00,19973,2827,6246,2030,23178,5571,12127,1992
7/19/2023 13:00,20883,2974,6294,2137,24422,5775,12775,2101
7/19/2023 14:00,21453,3052,6257,2215,25448,5937,13258,2205
7/19/2023 15:00,21686,3101,6149,2254,26169,6031,13577,2266
7/19/2023 16:00,21738,3115,6059,2268,26540,6063,13807,2296
7/19/2023 17:00,21473,3101,6021,2263,26649,6018,13950,2277
7/19/2023 18:00,20691,3066,6099,2251,26344,5941,14005,2231
7/19/2023 19:00,19747,2993,6195,2206,25710,5786,13858,2155
7/19/2023 20:00,19072,2811,6255,2123,24619,5590,13441,2046
7/19/2023 21:00,18474,2683,6293,2039,23069,5342,12782,1972
7/19/2023 22:00,17629,2509,6261,1922,22100,5102,12079,1881
7/19/2023 23:00,16606,2315,6205,1793,20715,4739,11234,1790
7/20/2023 0:00,15650,2136,6130,1663,19204,4458,10422,1686
7/20/2023 1:00,14861,1994,6133,1616,18047,4345,9686,1510
7/20/2023 2:00,14370,1888,6064,1557,17130,4145,9168,1437
7/20/2023 3:00,13975,1816,6027,1513,16541,4006,8735,1381
7/20/2023 4:00,13824,1786,6004,1497,16235,3919,8529,1351
7/20/2023 5:00,13992,1805,5986,1502,16104,3906,8501,1324
7/20/2023 6:00,14228,1843,5978,1549,16213,3982,8586,1318
7/20/2023 7:00,14531,1911,5988,1581,16543,4096,8816,1365
7/20/2023 8:00,15296,2054,6003,1639,17274,4302,9212,1469
7/20/2023 9:00,16494,2226,6033,1716,18336,4598,9794,1614
7/20/2023 10:00,17780,2434,6093,1815,19515,4954,10475,1728
7/20/2023 11:00,18869,2632,6209,1916,20813,5268,11232,1836
7/20/2023 12:00,19821,2803,6293,2025,22087,5587,11991,1960
7/20/2023 13:00,20644,2929,6363,2112,23290,5840,12771,2071
7/20/2023 14:00,21182,3022,6319,2179,24281,6014,13250,2158
7/20/2023 15:00,21471,3071,6232,2223,25224,6093,13580,2221
7/20/2023 16:00,21564,3095,6161,2239,25790,6112,13815,2264
7/20/2023 17:00,21283,3085,6144,2239,25979,6065,13953,2245
7/20/2023 18:00,20672,3025,6177,2227,25720,5957,14024,2198
7/20/2023 19:00,19885,2923,6260,2186,25106,5798,13815,2122
7/20/2023 20:00,19030,2790,6314,2100,24014,5554,13308,2012
7/20/2023 21:00,18550,2651,6339,1989,22629,5404,12736,1954
7/20/2023 22:00,17609,2459,6294,1884,21214,5132,12014,1887
7/20/2023 23:00,16556,2283,6216,1758,19775,4809,11057,1808
7/21/2023 0:00,15621,2135,6141,1636,18454,4523,10319,1700
7/21/2023 1:00,14917,2005,6091,1553,16940,4256,9638,1581
7/21/2023 2:00,14357,1900,6032,1484,16004,4068,9080,1500
7/21/2023 3:00,13996,1843,5995,1439,15470,3913,8710,1442
7/21/2023 4:00,13830,1812,5965,1418,15202,3841,8525,1403
7/21/2023 5:00,13950,1831,5952,1429,15272,3832,8480,1388
7/21/2023 6:00,14146,1856,5943,1453,15458,3885,8558,1399
7/21/2023 7:00,14522,1923,5942,1486,15953,3979,8703,1427
7/21/2023 8:00,15456,2029,5946,1535,16803,4193,8937,1501
7/21/2023 9:00,16540,2231,5961,1587,17982,4522,9677,1627
7/21/2023 10:00,17789,2428,6025,1665,19268,4903,10402,1771
7/21/2023 11:00,18948,2627,6128,1748,20704,5254,11080,1897
7/21/2023 12:00,19972,2793,6250,1846,22008,5573,11841,2029
7/21/2023 13:00,20965,2938,6326,1940,23183,5824,12497,2119
7/21/2023 14:00,21535,3033,6349,2021,24033,6012,13033,2190
7/21/2023 15:00,21823,3080,6198,2051,24658,6096,13513,2231
7/21/2023 16:00,21940,3097,6098,2068,24983,6129,13764,2247
7/21/2023 17:00,21614,3080,6182,2051,24883,6092,13859,2247
7/21/2023 18:00,21061,3028,6258,1999,24308,5993,13835,2208
7/21/2023 19:00,20399,2942,6341,1974,23508,5824,13693,2109
7/21/2023 20:00,19615,2796,6384,1881,22633,5567,13280,2016
7/21/2023 21:00,18877,2612,6353,1829,21383,5407,12665,1939
7/21/2023 22:00,17893,2428,6298,1741,20133,5113,11939,1852
7/21/2023 23:00,16847,2271,6213,1650,18857,4818,11158,1734
7/22/2023 0:00,15986,2093,6108,1556,17582,4560,10332,1603
7/22/2023 1:00,15094,2019,6065,1453,16268,4364,9874,1510
7/22/2023 2:00,14477,1891,5995,1379,15296,4145,9303,1426
7/22/2023 3:00,13989,1810,5952,1328,14634,3990,8832,1367
7/22/2023 4:00,13696,1758,5924,1295,14182,3871,8442,1310
7/22/2023 5:00,13550,1735,5899,1276,13882,3812,8235,1268
7/22/2023 6:00,13453,1723,5887,1267,13810,3775,8109,1243
7/22/2023 7:00,13664,1743,5888,1284,14146,3798,8188,1268
7/22/2023 8:00,14444,1866,5896,1334,15079,4035,8597,1373
7/22/2023 9:00,15695,2058,5923,1400,16304,4377,9307,1487
7/22/2023 10:00,17012,2253,5949,1473,17573,4733,10178,1621
7/22/2023 11:00,18149,2453,5996,1535,18887,5070,11030,1712
7/22/2023 12:00,19255,2610,6054,1616,19956,5367,11816,1797
7/22/2023 13:00,20100,2725,6107,1689,20891,5627,12543,1888
7/22/2023 14:00,20669,2809,6161,1761,21648,5832,13093,1974
7/22/2023 15:00,20994,2867,6184,1822,22249,5960,13504,2041
7/22/2023 16:00,21107,2895,6184,1869,22650,6045,13773,2095
7/22/2023 17:00,20997,2867,6168,1888,22783,6087,13902,2121
7/22/2023 18:00,20633,2819,6138,1873,22360,6042,13832,2087
7/22/2023 19:00,20037,2678,5986,1827,21581,5843,13597,2000
7/22/2023 20:00,19324,2540,5892,1741,20646,5553,13137,1901
7/22/2023 21:00,18540,2415,5855,1705,19555,5370,12599,1807
7/22/2023 22:00,17666,2260,5879,1635,18397,5114,11945,1698
7/22/2023 23:00,16779,2087,5969,1545,17194,4873,11120,1615
7/23/2023 0:00,15862,1935,6079,1463,15923,4629,10270,1522
7/23/2023 1:00,15126,1922,6133,1402,15022,4395,9811,1509
7/23/2023 2:00,14446,1841,6049,1344,14145,4170,9233,1440
7/23/2023 3:00,14038,1772,5997,1290,13491,3992,8813,1382
7/23/2023 4:00,13739,1717,5959,1256,13097,3848,8437,1351
7/23/2023 5:00,13589,1688,5935,1242,12830,3730,8239,1325
7/23/2023 6:00,13535,1678,5913,1249,12741,3684,8134,1305
7/23/2023 7:00,13739,1700,5902,1266,13008,3750,8221,1303
7/23/2023 8:00,14419,1811,5903,1326,13854,3977,8744,1370
7/23/2023 9:00,15561,1983,5918,1430,15015,4338,9412,1484
7/23/2023 10:00,16880,2170,5967,1512,16371,4711,10233,1606
7/23/2023 11:00,17873,2362,6100,1608,17796,5022,11097,1785
7/23/2023 12:00,18825,2541,6226,1704,19221,5306,11910,1940
7/23/2023 13:00,19542,2662,6353,1791,20401,5558,12568,2035
7/23/2023 14:00,20060,2756,6382,1883,21470,5794,13097,2105
7/23/2023 15:00,20270,2814,6352,1951,22449,5952,13400,2139
7/23/2023 16:00,20340,2846,6275,1994,23006,6035,13575,2141
7/23/2023 17:00,20158,2841,6211,2012,23206,6054,13715,2117
7/23/2023 18:00,19808,2790,6170,2002,22939,5991,13771,2050
7/23/2023 19:00,18925,2659,6157,1951,22351,5834,13610,1954
7/23/2023 20:00,18057,2529,6211,1899,21403,5605,13260,1857
7/23/2023 21:00,17721,2444,6272,1872,20423,5447,12783,1779
7/23/2023 22:00,17049,2275,6300,1765,19310,5149,11966,1698
7/23/2023 23:00,16255,2088,6234,1639,17907,4873,11206,1616
7/24/2023 0:00,15411,1938,6157,1542,16683,4637,10452,1545
7/24/2023 1:00,14699,1808,6080,1463,15733,4400,9764,1447
7/24/2023 2:00,14052,1729,6017,1393,14907,4210,9253,1392
7/24/2023 3:00,13674,1686,5974,1344,14407,4068,8788,1341
7/24/2023 4:00,13590,1670,5953,1323,14107,3964,8527,1318
7/24/2023 5:00,13744,1703,5939,1340,14137,3921,8447,1333
7/24/2023 6:00,14092,1760,5937,1381,14482,3959,8618,1375
7/24/2023 7:00,14578,1847,5944,1404,15072,4035,8890,1428
7/24/2023 8:00,15349,1992,5964,1488,16076,4220,9319,1526
7/24/2023 9:00,16461,2190,6000,1577,17305,4556,10071,1643
7/24/2023 10:00,17566,2396,6042,1684,18840,4902,10865,1776
7/24/2023 11:00,18691,2609,6109,1803,20211,5267,11649,1922
7/24/2023 12:00,19556,2781,6217,1926,21706,5580,12375,2052
7/24/2023 13:00,20396,2900,6295,2034,23001,5850,13097,2158
7/24/2023 14:00,20886,2990,6266,2107,24060,6035,13563,2221
7/24/2023 15:00,21076,3013,6055,2145,24702,6134,13746,2253
7/24/2023 16:00,21026,3022,5953,2164,25205,6177,13916,2266
7/24/2023 17:00,20761,3005,5906,2162,25512,6144,14041,2249
7/24/2023 18:00,20287,2971,5950,2149,25260,6002,14123,2202
7/24/2023 19:00,19528,2875,6043,2120,24730,5855,14110,2139
7/24/2023 20:00,18893,2702,6181,2062,23362,5679,13668,2050
7/24/2023 21:00,18446,2589,6252,1984,22078,5504,13051,1958
7/24/2023 22:00,17552,2401,6273,1878,20627,5167,12235,1848
7/24/2023 23:00,16571,2241,6254,1734,19091,4873,11313,1732
7/25/2023 0:00,15590,2094,6189,1636,17668,4564,10517,1650
7/25/2023 1:00,14811,1935,6110,1536,16544,4327,9753,1563
7/25/2023 2:00,14302,1846,6042,1475,15728,4118,9252,1499
7/25/2023 3:00,13960,1790,6007,1425,15240,3966,8879,1429
7/25/2023 4:00,13794,1768,5979,1392,14983,3871,8716,1397
7/25/2023 5:00,13924,1793,5963,1400,15145,3856,8728,1390
7/25/2023 6:00,14167,1841,5954,1434,15518,3919,8821,1414
7/25/2023 7:00,14566,1922,5947,1473,16028,4017,8984,1486
7/25/2023 8:00,15388,2039,5960,1538,16801,4210,9270,1570
7/25/2023 9:00,16383,2217,5983,1615,17930,4499,9893,1680
7/25/2023 10:00,17580,2433,6022,1746,19240,4840,10629,1801
7/25/2023 11:00,18619,2617,6110,1871,20577,5170,11427,1939
7/25/2023 12:00,19643,2788,6214,1988,21836,5474,12258,2060
7/25/2023 13:00,20321,2930,6267,2088,23081,5750,12906,2152
7/25/2023 14:00,20768,3020,6230,2160,24028,5936,13326,2210
7/25/2023 15:00,20926,3062,6079,2210,24825,6021,13531,2248
7/25/2023 16:00,20811,3070,5962,2228,25404,6058,13672,2258
7/25/2023 17:00,20512,3037,6025,2224,25735,6021,13772,2242
7/25/2023 18:00,19951,2986,6124,2201,25491,5955,13855,2212
7/25/2023 19:00,19199,2888,6186,2165,24838,5834,13898,2160
7/25/2023 20:00,18491,2740,6221,2096,23778,5563,13413,2067
7/25/2023 21:00,18201,2645,6240,2020,22431,5423,12798,1951
7/25/2023 22:00,17350,2448,6215,1909,21224,5152,12053,1862
7/25/2023 23:00,16412,2254,6173,1782,19513,4787,11158,1778
7/26/2023 0:00,15576,2088,6129,1659,18034,4465,10327,1678
7/26/2023 1:00,14502,1897,6155,1566,17130,4354,9645,1542
7/26/2023 2:00,13929,1806,6091,1506,16265,4145,9116,1468
7/26/2023 3:00,13519,1762,6040,1459,15755,3994,8743,1415
7/26/2023 4:00,13396,1738,6001,1431,15450,3910,8519,1378
7/26/2023 5:00,13573,1753,5963,1425,15489,3881,8458,1385
7/26/2023 6:00,13792,1784,5938,1453,15712,3973,8570,1405
7/26/2023 7:00,14120,1847,5922,1499,16057,3999,8804,1452
7/26/2023 8:00,15076,1999,5931,1575,16863,4256,9222,1542
7/26/2023 9:00,16183,2226,5962,1664,17945,4581,9854,1640
7/26/2023 10:00,17317,2412,6040,1792,19280,4889,10598,1759
7/26/2023 11:00,18356,2600,6164,1920,20823,5269,11321,1878
7/26/2023 12:00,19244,2773,6252,2024,22358,5598,12056,2005
7/26/2023 13:00,19996,2916,6299,2124,23536,5856,12674,2116
7/26/2023 14:00,20542,3022,6247,2182,24349,6029,13214,2221
7/26/2023 15:00,20794,3069,6160,2216,24978,6113,13563,2295
7/26/2023 16:00,20712,3086,6093,2232,25420,6147,13802,2318
7/26/2023 17:00,20344,3068,6049,2232,25691,6118,13899,2297
7/26/2023 18:00,19772,3007,6087,2218,25542,6008,13888,2240
7/26/2023 19:00,19077,2892,6138,2193,24862,5831,13726,2157
7/26/2023 20:00,18368,2732,6198,2133,23874,5611,13156,2052
7/26/2023 21:00,17946,2621,6248,2027,22549,5430,12740,1943
7/26/2023 22:00,17087,2415,6279,1923,21176,5139,11960,1824
7/26/2023 23:00,16133,2236,6272,1785,19612,4805,10967,1712
7/27/2023 0:00,15264,2082,6245,1665,18112,4528,10188,1612
7/27/2023 1:00,14405,1898,6191,1580,16979,4277,9592,1530
7/27/2023 2:00,13845,1824,6102,1517,16031,4057,9074,1472
7/27/2023 3:00,13410,1769,6032,1469,15512,3912,8711,1415
7/27/2023 4:00,13284,1744,5986,1439,15300,3831,8469,1386
7/27/2023 5:00,13452,1766,5957,1447,15489,3852,8400,1391
7/27/2023 6:00,13747,1802,5946,1472,15822,3930,8524,1416
7/27/2023 7:00,14153,1865,5957,1507,16243,3968,8742,1463
7/27/2023 8:00,14895,1986,5978,1568,16864,4220,9089,1536
7/27/2023 9:00,16072,2201,6011,1667,18083,4532,9668,1631
7/27/2023 10:00,17319,2400,6050,1802,19356,4847,10440,1743
7/27/2023 11:00,18328,2577,6114,1932,20677,5167,11193,1876
7/27/2023 12:00,19236,2744,6219,2036,22045,5466,11942,2017
7/27/2023 13:00,20149,2903,6301,2133,23436,5715,12630,2145
7/27/2023 14:00,20633,3014,6266,2195,24544,5885,13130,2217
7/27/2023 15:00,20861,3072,6199,2225,25323,5993,13449,2259
7/27/2023 16:00,20864,3088,6105,2238,25700,6041,13667,2278
7/27/2023 17:00,20485,3042,6063,2238,25889,6010,13758,2261
7/27/2023 18:00,19827,2963,6134,2225,25589,5887,13666,2227
7/27/2023 19:00,19004,2848,6193,2190,24851,5720,13490,2182
7/27/2023 20:00,18413,2695,6241,2102,23728,5491,12981,2077
7/27/2023 21:00,18041,2600,6274,2016,22398,5319,12450,1984
7/27/2023 22:00,17106,2397,6248,1916,20979,5073,11638,1860
7/27/2023 23:00,16182,2204,6206,1779,19637,4790,10762,1735
7/28/2023 0:00,15213,2042,6108,1666,18319,4461,10026,1620
7/28/2023 1:00,14529,1848,6033,1579,17022,4157,9387,1547
7/28/2023 2:00,13907,1760,5972,1514,16173,3974,8932,1492
7/28/2023 3:00,13405,1707,5924,1451,15621,3823,8554,1450
7/28/2023 4:00,13269,1683,5900,1417,15368,3759,8359,1419
7/28/2023 5:00,13391,1696,5889,1423,15341,3778,8305,1403
7/28/2023 6:00,13599,1728,5889,1448,15517,3851,8402,1408
7/28/2023 7:00,13881,1819,5900,1490,15826,3883,8608,1430
7/28/2023 8:00,14818,1965,5927,1565,16708,4164,9052,1521
7/28/2023 9:00,15942,2178,5959,1650,17850,4474,9679,1645
7/28/2023 10:00,17166,2391,6064,1771,19200,4808,10405,1784
7/28/2023 11:00,18236,2582,6146,1888,20611,5156,11154,1913
7/28/2023 12:00,19146,2763,6265,2009,22133,5430,11929,2052
7/28/2023 13:00,20070,2912,6330,2110,23434,5690,12627,2152
7/28/2023 14:00,20604,3019,6387,2167,24426,5823,13147,2196
7/28/2023 15:00,20870,3075,6198,2191,25109,5928,13530,2224
7/28/2023 16:00,20852,3086,6115,2196,25440,5970,13737,2234
7/28/2023 17:00,20570,3066,6186,2193,25548,5938,13777,2219
7/28/2023 18:00,19723,2999,6244,2183,25197,5832,13678,2174
7/28/2023 19:00,18890,2871,6291,2146,24474,5647,13306,2110
7/28/2023 20:00,18370,2714,6307,2065,23364,5434,12706,2022
7/28/2023 21:00,17761,2575,6286,1962,22070,5229,12170,1962
7/28/2023 22:00,16898,2419,6252,1853,20859,4941,11494,1832
7/28/2023 23:00,15962,2268,6197,1729,19374,4618,10690,1710
7/29/2023 0:00,15130,2114,6128,1641,18162,4363,9929,1616
7/29/2023 1:00,13690,1969,6074,1559,16737,4124,9307,1531
7/29/2023 2:00,13600,1877,6037,1494,15846,3940,8739,1456
7/29/2023 3:00,13070,1802,6013,1442,15163,3767,8364,1398
7/29/2023 4:00,12753,1750,5985,1413,14745,3662,8053,1353
7/29/2023 5:00,12571,1731,5962,1392,14451,3612,7849,1331
7/29/2023 6:00,12638,1750,5944,1386,14233,3626,7709,1343
7/29/2023 7:00,12933,1793,5932,1402,14354,3699,7817,1373
7/29/2023 8:00,13725,1903,5942,1456,15446,3849,8267,1438
7/29/2023 9:00,14992,2079,5962,1575,16780,4159,8957,1531
7/29/2023 10:00,16338,2272,5996,1699,18311,4531,9683,1679
7/29/2023 11:00,17564,2462,6119,1822,19843,4886,10456,1794
7/29/2023 12:00,18607,2663,6256,1931,21401,5227,11286,1901
7/29/2023 13:00,19379,2824,6382,2033,22581,5500,12014,2002
7/29/2023 14:00,19974,2959,6474,2121,23671,5682,12639,2082
7/29/2023 15:00,20380,3039,6474,2173,24351,5805,13158,2137
7/29/2023 16:00,20505,3084,6457,2200,24739,5864,13449,2170
7/29/2023 17:00,20395,3046,6415,2206,24860,5809,13550,2189
7/29/2023 18:00,19956,2974,6366,2187,24616,5709,13472,2171
7/29/2023 19:00,19137,2865,6340,2143,23837,5509,13124,2101
7/29/2023 20:00,18371,2723,6311,2054,22757,5273,12524,2023
7/29/2023 21:00,17827,2624,6282,1964,21657,5054,12063,1948
7/29/2023 22:00,16850,2444,6249,1839,20517,4809,11398,1832
7/29/2023 23:00,15898,2250,6213,1728,19134,4572,10626,1726
7/30/2023 0:00,15195,2115,6171,1629,17945,4395,9940,1640
7/30/2023 1:00,14414,1895,6137,1542,16805,4247,9414,1561
7/30/2023 2:00,13821,1826,6076,1470,15955,4072,8964,1491
7/30/2023 3:00,13259,1794,6021,1409,15223,3890,8570,1431
7/30/2023 4:00,12946,1750,5956,1371,14787,3753,8235,1394
7/30/2023 5:00,12712,1725,5914,1353,14449,3667,7982,1381
7/30/2023 6:00,12587,1725,5891,1343,14294,3630,7843,1399
7/30/2023 7:00,12837,1725,5881,1355,14449,3685,7959,1435
7/30/2023 8:00,13711,1845,5875,1444,15603,3844,8328,1499
7/30/2023 9:00,15020,2091,5939,1553,16854,4246,9161,1592
7/30/2023 10:00,16329,2336,6006,1713,18662,4664,9949,1715
7/30/2023 11:00,17587,2549,6129,1870,20330,4986,10751,1828
7/30/2023 12:00,18818,2734,6247,1970,21318,5329,11544,1971
7/30/2023 13:00,19710,2891,6370,2099,22816,5630,12224,2079
7/30/2023 14:00,20459,2960,6432,2187,24130,5834,12793,2139
7/30/2023 15:00,20833,3011,6444,2247,24686,5952,13127,2178
7/30/2023 16:00,20922,3036,6447,2277,25334,6048,13381,2200
7/30/2023 17:00,20815,3036,6446,2279,25288,6048,13612,2209
7/30/2023 18:00,20298,3005,6429,2259,25242,5973,13785,2202
7/30/2023 19:00,19620,2897,6327,2215,24500,5791,13623,2158
7/30/2023 20:00,19192,2797,6233,2157,23666,5543,13231,2099
7/30/2023 21:00,18568,2645,6193,2062,22647,5404,12654,1977
7/30/2023 22:00,17586,2444,6144,1902,21303,5089,11927,1848
7/30/2023 23:00,16653,2242,6118,1765,19774,4769,11064,1746
7/31/2023 0:00,15875,2116,6125,1654,18152,4489,10335,1649
7/31/2023 1:00,15179,1993,6087,1546,17205,4262,9758,1561
7/31/2023 2:00,14608,1872,6034,1473,16276,4070,9251,1493
7/31/2023 3:00,14157,1803,5961,1422,15728,3932,8905,1443
7/31/2023 4:00,13927,1785,5931,1418,15462,3849,8709,1414
7/31/2023 5:00,14036,1803,5929,1422,15473,3870,8628,1400
7/31/2023 6:00,14208,1847,5933,1452,15691,3922,8743,1417
7/31/2023 7:00,14572,1940,5928,1476,16115,3986,8992,1466
7/31/2023 8:00,15405,2040,5932,1547,17235,4196,9439,1556
7/31/2023 9:00,16584,2227,5948,1649,18766,4620,10078,1668
7/31/2023 10:00,17780,2501,5961,1803,20441,5000,10888,1804
7/31/2023 11:00,18977,2725,6102,1936,22399,5391,11759,1927
7/31/2023 12:00,20103,2936,6226,2068,24032,5728,12653,2067
7/31/2023 13:00,21036,3061,6270,2183,25477,6043,13405,2181
7/31/2023 14:00,21651,3142,6291,2253,26457,6256,13905,2264
7/31/2023 15:00,21970,3173,6220,2301,27083,6341,14108,2316
7/31/2023 16:00,22006,3196,6191,2308,27318,6341,14239,2333
7/31/2023 17:00,21611,3163,6194,2316,27353,6344,14335,2322
7/31/2023 18:00,20877,3130,6232,2305,27099,6222,14394,2279
7/31/2023 19:00,20260,3037,6220,2255,26567,6022,14336,2220
7/31/2023 20:00,19674,2866,6142,2177,25536,5767,13760,2132
7/31/2023 21:00,19015,2747,6134,2095,24197,5562,13219,2031
7/31/2023 22:00,18002,2562,6178,1948,22684,5186,12458,1898
7/31/2023 23:00,16978,2351,6131,1811,21225,4849,11490,1769
8/1/2023 0:00,15921,2188,6147,1692,19387,4574,10796,1664
8/1/2023 1:00,15213,2072,6109,1590,17640,4338,10017,1596
8/1/2023 2:00,14718,1963,6029,1527,16935,4112,9495,1531
8/1/2023 3:00,14385,1906,6011,1476,16482,3972,9132,1475
8/1/2023 4:00,14260,1883,5951,1452,16432,3890,8897,1454
8/1/2023 5:00,14337,1886,5932,1466,16281,3905,8886,1449
8/1/2023 6:00,14550,1935,5916,1492,16281,3962,9068,1464
8/1/2023 7:00,14972,1987,5912,1514,16482,4064,9153,1510
8/1/2023 8:00,15693,2094,5912,1580,17338,4237,9527,1584
8/1/2023 9:00,16699,2252,5931,1673,18848,4513,10124,1683
8/1/2023 10:00,17887,2496,5993,1798,20106,4890,10924,1841
8/1/2023 11:00,18893,2755,6065,1964,21867,5258,11821,2010
8/1/2023 12:00,20098,2955,6189,2085,23528,5595,12653,2148
8/1/2023 13:00,20924,3122,6256,2183,25340,5887,13368,2250
8/1/2023 14:00,21608,3209,6203,2259,26296,6091,13858,2303
8/1/2023 15:00,21827,3236,6079,2293,26900,6210,14148,2326
8/1/2023 16:00,21744,3249,5946,2289,27202,6264,14308,2332
8/1/2023 17:00,21386,3242,6088,2293,27101,6188,14491,2314
8/1/2023 18:00,20939,3149,6172,2293,26699,6047,14491,2273
8/1/2023 19:00,20351,3015,6250,2255,26246,5889,14354,2232
8/1/2023 20:00,19563,2882,6312,2202,25642,5658,13942,2153
8/1/2023 21:00,19090,2795,6329,2081,24333,5523,13393,2086
8/1/2023 22:00,18195,2562,6308,1971,22974,5193,12393,1946
8/1/2023 23:00,17126,2363,6263,1846,20861,4824,11476,1797
8/2/2023 0:00,16097,2210,6208,1729,19552,4533,10675,1692
8/2/2023 1:00,15525,2166,6161,1648,19348,4273,9918,1579
8/2/2023 2:00,14896,2029,6075,1582,18448,4069,9385,1517
8/2/2023 3:00,14499,1953,6009,1543,17869,3948,9013,1461
8/2/2023 4:00,14312,1921,5971,1516,17483,3881,8817,1429
8/2/2023 5:00,14449,1932,5956,1523,17333,3868,8765,1415
8/2/2023 6:00,14580,1967,5954,1545,17355,3973,8858,1435
8/2/2023 7:00,14780,2012,5968,1579,17590,4038,9013,1456
8/2/2023 8:00,15575,2096,6003,1627,18126,4243,9354,1563
8/2/2023 9:00,16733,2271,6051,1743,19298,4533,10004,1707
8/2/2023 10:00,17975,2557,6114,1865,20912,4942,10800,1868
8/2/2023 11:00,19100,2810,6195,1990,22712,5280,11615,2001
8/2/2023 12:00,20110,3007,6290,2099,24467,5620,12442,2130
8/2/2023 13:00,20938,3144,6350,2206,25948,5900,13248,2239
8/2/2023 14:00,21501,3241,6327,2280,27041,6107,13942,2303
8/2/2023 15:00,21716,3290,6149,2324,27599,6215,14208,2337
8/2/2023 16:00,21699,3300,6123,2339,27794,6266,14394,2356
8/2/2023 17:00,21385,3273,6103,2321,27695,6217,14487,2343
8/2/2023 18:00,20656,3211,6151,2296,27487,6122,14477,2308
8/2/2023 19:00,19845,3101,6198,2254,26726,5907,14198,2245
8/2/2023 20:00,19216,2974,6248,2200,25737,5701,13609,2158
8/2/2023 21:00,18654,2872,6287,2123,24555,5535,13134,2071
8/2/2023 22:00,17809,2624,6313,1987,22880,5186,12297,1939
8/2/2023 23:00,16816,2422,6291,1856,21425,4836,11337,1812
8/3/2023 0:00,15823,2258,6241,1736,20110,4523,10572,1678
8/3/2023 1:00,14962,2117,6159,1640,19275,4301,9949,1603
8/3/2023 2:00,14370,2012,6078,1571,18685,4134,9385,1516
8/3/2023 3:00,14054,1946,6021,1530,18232,4018,9026,1458
8/3/2023 4:00,13915,1913,5996,1510,17917,3940,8868,1417
8/3/2023 5:00,14116,1904,5988,1510,17720,3924,8844,1405
8/3/2023 6:00,14379,1921,5998,1532,17602,3991,9058,1431
8/3/2023 7:00,14565,1988,6019,1567,17720,4091,9116,1484
8/3/2023 8:00,15524,2074,6051,1619,18272,4329,9447,1588
8/3/2023 9:00,16701,2266,6108,1729,19394,4660,10014,1712
8/3/2023 10:00,17955,2524,6167,1851,20783,5007,10767,1841
8/3/2023 11:00,19069,2709,6234,1993,22404,5383,11591,1958
8/3/2023 12:00,19967,2910,6303,2108,24129,5705,12435,2068
8/3/2023 13:00,20694,3063,6371,2222,25636,5981,13156,2167
8/3/2023 14:00,21128,3171,6366,2302,26739,6171,13863,2252
8/3/2023 15:00,21267,3217,6185,2337,27310,6278,14165,2306
8/3/2023 16:00,21190,3223,6155,2349,27526,6329,14328,2323
8/3/2023 17:00,20876,3193,6142,2346,27408,6272,14380,2321
8/3/2023 18:00,20164,3131,6170,2329,27054,6176,14337,2292
8/3/2023 19:00,19505,3033,6223,2302,26168,5959,14164,2226
8/3/2023 20:00,19033,2913,6278,2229,25223,5759,13561,2132
8/3/2023 21:00,18411,2787,6335,2139,24016,5572,12980,2082
8/3/2023 22:00,17615,2592,6364,1992,22649,5276,12258,1925
8/3/2023 23:00,16653,2379,6331,1867,21159,4951,11407,1801
8/4/2023 0:00,15774,2234,6278,1751,19984,4673,10664,1682
8/4/2023 1:00,15089,2145,6204,1654,19091,4445,10075,1585
8/4/2023 2:00,14526,2038,6122,1587,18354,4267,9585,1513
8/4/2023 3:00,14220,1958,6064,1548,17773,4134,9215,1465
8/4/2023 4:00,14092,1921,6025,1529,17371,4051,9015,1444
8/4/2023 5:00,14236,1912,6008,1529,17170,4042,8963,1447
8/4/2023 6:00,14478,1945,6024,1557,17304,4167,9141,1467
8/4/2023 7:00,14687,2011,6053,1587,17639,4130,9331,1503
8/4/2023 8:00,15562,2108,6088,1630,18354,4421,9669,1606
8/4/2023 9:00,16736,2262,6133,1740,19471,4738,10271,1726
8/4/2023 10:00,17988,2498,6185,1867,20856,5089,11000,1867
8/4/2023 11:00,19157,2744,6254,1983,22509,5453,11835,1998
8/4/2023 12:00,20074,2937,6338,2123,24162,5798,12607,2099
8/4/2023 13:00,20800,3114,6387,2240,25658,6081,13398,2186
8/4/2023 14:00,21249,3216,6369,2308,26842,6328,14072,2242
8/4/2023 15:00,21511,3258,6181,2336,27446,6439,14380,2279
8/4/2023 16:00,21589,3258,6132,2352,27624,6481,14509,2296
8/4/2023 17:00,21372,3239,6111,2345,27468,6407,14543,2284
8/4/2023 18:00,20661,3206,6144,2327,27013,6263,14479,2232
8/4/2023 19:00,19935,3087,6229,2290,26308,6025,14225,2178
8/4/2023 20:00,19363,2940,6307,2220,25304,5799,13644,2136
8/4/2023 21:00,18773,2802,6372,2123,24086,5607,13236,2077
8/4/2023 22:00,17998,2605,6393,1997,22719,5292,12540,1978
8/4/2023 23:00,17159,2424,6382,1874,21009,4996,11674,1859
8/5/2023 0:00,16133,2281,6341,1758,19407,4717,10893,1755
8/5/2023 1:00,15206,2133,6272,1661,19186,4611,10154,1695
8/5/2023 2:00,14542,2029,6195,1595,18447,4403,9597,1618
8/5/2023 3:00,14047,1960,6119,1545,17781,4195,9130,1554
8/5/2023 4:00,13707,1902,6069,1509,17293,4053,8805,1495
8/5/2023 5:00,13506,1873,6042,1487,16871,3963,8591,1460
8/5/2023 6:00,13445,1851,6041,1484,16560,3916,8462,1447
8/5/2023 7:00,13707,1869,6059,1502,16449,3972,8500,1474
8/5/2023 8:00,14557,2007,6101,1563,17182,4232,8869,1542
8/5/2023 9:00,15935,2162,6152,1687,18603,4583,9501,1693
8/5/2023 10:00,17285,2390,6223,1821,20224,4934,10411,1842
8/5/2023 11:00,18382,2613,6310,1949,21868,5281,11332,1979
8/5/2023 12:00,19342,2826,6423,2058,23534,5632,12199,2081
8/5/2023 13:00,20191,2991,6486,2153,25044,5946,13055,2176
8/5/2023 14:00,20613,3081,6523,2234,26021,6154,13719,2238
8/5/2023 15:00,20793,3133,6482,2267,26621,6293,14094,2292
8/5/2023 16:00,20850,3149,6442,2283,26887,6372,14268,2325
8/5/2023 17:00,20776,3139,6407,2278,26732,6339,14355,2340
8/5/2023 18:00,20327,3092,6374,2257,26221,6219,14311,2311
8/5/2023 19:00,19574,2983,6338,2218,25577,6039,14094,2257
8/5/2023 20:00,18911,2837,6304,2159,24600,5775,13419,2148
8/5/2023 21:00,18294,2712,6384,2080,23342,5555,12888,2065
8/5/2023 22:00,17526,2518,6434,1950,22089,5265,12150,1963
8/5/2023 23:00,16638,2364,6405,1830,20715,5011,11378,1865
8/6/2023 0:00,15810,2222,6344,1717,19438,4785,10640,1774
8/6/2023 1:00,15235,2108,6267,1667,19014,4559,10041,1714
8/6/2023 2:00,14596,2008,6175,1594,18197,4384,9530,1659
8/6/2023 3:00,14104,1950,6096,1540,17493,4241,9109,1604
8/6/2023 4:00,13727,1890,6048,1501,16948,4109,8765,1562
8/6/2023 5:00,13475,1843,6016,1478,16494,4025,8532,1533
8/6/2023 6:00,13355,1827,5993,1479,16176,3968,8399,1519
8/6/2023 7:00,13596,1836,5984,1502,16063,4029,8355,1539
8/6/2023 8:00,14504,1994,5993,1555,16540,4224,8766,1600
8/6/2023 9:00,15897,2173,6019,1650,17765,4558,9424,1724
8/6/2023 10:00,17247,2366,6073,1760,19400,4933,10320,1848
8/6/2023 11:00,18524,2590,6244,1886,21034,5303,11185,1974
8/6/2023 12:00,19627,2796,6362,2003,22850,5665,12079,2089
8/6/2023 13:00,20439,2953,6413,2128,24417,5961,12958,2199
8/6/2023 14:00,21063,3034,6359,2211,25711,6183,13768,2262
8/6/2023 15:00,21412,3068,6198,2241,26687,6304,14065,2293
8/6/2023 16:00,21542,3076,6134,2251,27073,6359,14248,2319
8/6/2023 17:00,21412,3073,6088,2254,26982,6336,14384,2337
8/6/2023 18:00,20918,3051,6062,2254,26641,6239,14466,2341
8/6/2023 19:00,20265,2983,6073,2221,25938,6058,14202,2289
8/6/2023 20:00,19685,2863,6107,2172,25314,5802,13701,2207
8/6/2023 21:00,19046,2751,6183,2100,24107,5638,13191,2128
8/6/2023 22:00,18074,2541,6315,1970,22808,5318,12348,2001
8/6/2023 23:00,17101,2352,6403,1837,21326,4988,11497,1866
8/7/2023 0:00,16231,2208,6336,1717,19945,4663,10701,1732
8/7/2023 1:00,15481,2087,6266,1598,18801,4414,10089,1626
8/7/2023 2:00,14907,1982,6171,1539,17931,4241,9576,1541
8/7/2023 3:00,14574,1908,6087,1497,17158,4135,9198,1491
8/7/2023 4:00,14475,1877,6038,1471,16699,4072,8987,1461
8/7/2023 5:00,14645,1896,6009,1466,16481,4067,8932,1451
8/7/2023 6:00,14825,1948,5994,1483,16602,4118,9010,1466
8/7/2023 7:00,15035,1991,5996,1525,16940,4173,9209,1511
8/7/2023 8:00,15842,2109,6013,1572,17423,4424,9532,1608
8/7/2023 9:00,17034,2265,6043,1658,18384,4758,10229,1740
8/7/2023 10:00,18264,2487,6093,1758,19927,5144,11012,1876
8/7/2023 11:00,19466,2715,6205,1859,21495,5543,11878,2035
8/7/2023 12:00,20609,2934,6296,1969,23063,5895,12858,2159
8/7/2023 13:00,21633,3087,6330,2072,24607,6183,13724,2289
8/7/2023 14:00,22271,3168,6228,2150,26028,6401,14316,2339
8/7/2023 15:00,22557,3184,6121,2199,26946,6481,14367,2356
8/7/2023 16:00,22473,3176,6036,2222,27380,6489,14479,2362
8/7/2023 17:00,22154,3157,5997,2217,27260,6424,14577,2354
8/7/2023 18:00,21382,3130,5983,2196,26657,6252,14710,2331
8/7/2023 19:00,20576,3041,5993,2135,25716,6136,14544,2271
8/7/2023 20:00,19919,2929,6057,2072,24993,5932,14034,2191
8/7/2023 21:00,19184,2802,6201,2026,23497,5747,13546,2127
8/7/2023 22:00,18180,2576,6316,1890,21953,5376,12633,1987
8/7/2023 23:00,17063,2375,6372,1764,20337,5074,11738,1849
8/8/2023 0:00,16214,2224,6340,1639,18607,4758,10884,1737
8/8/2023 1:00,15439,2080,6276,1538,17248,4513,10074,1640
8/8/2023 2:00,14901,1975,6192,1485,16454,4332,9533,1557
8/8/2023 3:00,14633,1907,6098,1454,15923,4200,9235,1510
8/8/2023 4:00,14532,1879,6042,1444,15704,4128,9036,1476
8/8/2023 5:00,14734,1879,6014,1459,15847,4106,8985,1470
8/8/2023 6:00,14921,1909,6026,1500,16115,4142,9066,1479
8/8/2023 7:00,15074,1961,6034,1544,16453,4214,9303,1509
8/8/2023 8:00,15853,2064,6059,1570,17038,4442,9643,1604
8/8/2023 9:00,16952,2221,6074,1616,18119,4751,10301,1717
8/8/2023 10:00,18065,2434,6130,1724,19628,5159,11168,1835
8/8/2023 11:00,19199,2636,6232,1861,21159,5575,12024,1971
8/8/2023 12:00,20333,2830,6311,1982,22893,5925,12911,2095
8/8/2023 13:00,21350,3010,6344,2109,24470,6220,13658,2195
8/8/2023 14:00,22032,3136,6230,2194,25573,6400,14229,2258
8/8/2023 15:00,22337,3148,5871,2234,26460,6467,14305,2298
8/8/2023 16:00,22279,3141,5816,2255,26902,6489,14377,2323
8/8/2023 17:00,21931,3121,5777,2239,26767,6429,14479,2319
8/8/2023 18:00,21209,3116,5837,2209,26316,6302,14645,2291
8/8/2023 19:00,20499,3015,5962,2135,25620,6165,14510,2235
8/8/2023 20:00,19860,2905,6077,2069,24530,5958,13987,2139
8/8/2023 21:00,19215,2773,6246,2025,23254,5723,13517,2085
8/8/2023 22:00,18451,2567,6327,1915,21965,5373,12638,1976
8/8/2023 23:00,17364,2387,6386,1810,20574,5070,11660,1829
8/9/2023 0:00,16434,2229,6328,1701,19448,4786,10814,1712
8/9/2023 1:00,15810,2135,6297,1602,19001,4630,10124,1628
8/9/2023 2:00,15310,2053,6206,1548,18320,4453,9527,1549
8/9/2023 3:00,14961,2012,6098,1517,17949,4327,9148,1492
8/9/2023 4:00,14851,1985,6064,1501,17708,4251,8976,1476
8/9/2023 5:00,15033,1976,6042,1503,17555,4218,8953,1476
8/9/2023 6:00,15258,2000,6063,1520,17446,4268,9133,1509
8/9/2023 7:00,15426,2055,6050,1552,17599,4399,9223,1574
8/9/2023 8:00,16183,2156,6074,1614,18211,4622,9576,1670
8/9/2023 9:00,17291,2289,6097,1693,19129,4908,10211,1782
8/9/2023 10:00,18491,2467,6152,1797,20441,5329,10971,1898
8/9/2023 11:00,19717,2692,6229,1911,21927,5691,11792,2017
8/9/2023 12:00,20699,2890,6297,2035,23517,6024,12709,2135
8/9/2023 13:00,21513,3051,6345,2153,24956,6314,13576,2248
8/9/2023 14:00,22031,3145,6220,2225,26095,6491,14130,2323
8/9/2023 15:00,22312,3170,6008,2258,27019,6550,14210,2353
8/9/2023 16:00,22233,3178,5822,2276,27413,6542,14331,2356
8/9/2023 17:00,21905,3160,5722,2273,27582,6487,14472,2348
8/9/2023 18:00,21218,3131,5784,2252,27222,6377,14573,2324
8/9/2023 19:00,20363,3039,5876,2206,26417,6213,14412,2274
8/9/2023 20:00,19830,2927,6027,2137,25315,5990,13959,2182
8/9/2023 21:00,19156,2781,6288,2063,24002,5818,13374,2074
8/9/2023 22:00,18370,2614,6357,1949,22519,5464,12626,1964
8/9/2023 23:00,17474,2455,6410,1826,21163,5165,11670,1834
8/10/2023 0:00,16614,2296,6373,1721,20083,4857,10802,1736
8/10/2023 1:00,15960,2146,6246,1573,19214,4655,10234,1654
8/10/2023 2:00,15382,2045,6182,1508,18431,4470,9653,1587
8/10/2023 3:00,15008,2006,6119,1453,17880,4340,9282,1540
8/10/2023 4:00,14921,1983,6071,1426,17499,4248,9109,1516
8/10/2023 5:00,15124,2023,6037,1446,17292,4222,9079,1505
8/10/2023 6:00,15326,2041,6031,1490,17273,4264,9249,1522
8/10/2023 7:00,15443,2086,6040,1496,17436,4365,9380,1560
8/10/2023 8:00,16210,2202,6073,1552,18039,4592,9670,1645
8/10/2023 9:00,17353,2349,6123,1665,19189,4916,10297,1761
8/10/2023 10:00,18584,2557,6163,1771,20782,5295,11138,1891
8/10/2023 11:00,19814,2759,6227,1899,22409,5648,12043,2022
8/10/2023 12:00,20886,2949,6312,2015,24130,5993,12883,2154
8/10/2023 13:00,21696,3104,6345,2130,25729,6300,13655,2272
8/10/2023 14:00,22232,3198,6212,2197,26913,6484,14297,2333
8/10/2023 15:00,22594,3222,5828,2236,27624,6556,14365,2355
8/10/2023 16:00,22464,3215,5766,2254,27892,6567,14414,2363
8/10/2023 17:00,22012,3196,5731,2251,27863,6492,14513,2354
8/10/2023 18:00,21272,3201,5772,2237,27526,6390,14679,2324
8/10/2023 19:00,20538,3105,5878,2175,26680,6204,14552,2267
8/10/2023 20:00,19974,2994,6018,2091,25498,6015,14135,2179
8/10/2023 21:00,19337,2833,6250,2073,24018,5820,13644,2106
8/10/2023 22:00,18425,2641,6378,1962,22650,5527,12708,2006
8/10/2023 23:00,17469,2479,6445,1848,21153,5216,11904,1872
8/11/2023 0:00,16608,2320,6384,1758,19955,4905,11053,1756
8/11/2023 1:00,15766,2198,6313,1682,19272,4679,10256,1686
8/11/2023 2:00,15089,2091,6234,1625,18536,4489,9667,1609
8/11/2023 3:00,14742,2031,6160,1586,18070,4368,9275,1568
8/11/2023 4:00,14620,2000,6110,1567,17849,4268,9067,1536
8/11/2023 5:00,14794,1995,6077,1575,17782,4237,9046,1514
8/11/2023 6:00,15072,2029,6065,1600,17782,4295,9264,1520
8/11/2023 7:00,15228,2089,6084,1637,17982,4404,9373,1546
8/11/2023 8:00,15992,2217,6138,1697,18669,4602,9732,1638
8/11/2023 9:00,17190,2366,6198,1781,19778,4914,10400,1758
8/11/2023 10:00,18405,2552,6249,1886,21153,5331,11188,1877
8/11/2023 11:00,19585,2769,6346,2002,22728,5698,12089,1983
8/11/2023 12:00,20575,2952,6416,2124,24524,6036,12981,2096
8/11/2023 13:00,21285,3101,6360,2235,26018,6336,13766,2195
8/11/2023 14:00,21753,3189,6202,2305,27161,6516,14280,2291
8/11/2023 15:00,22033,3210,6037,2327,27820,6588,14388,2340
8/11/2023 16:00,21963,3189,5959,2329,28061,6574,14431,2363
8/11/2023 17:00,21581,3155,5920,2306,27886,6490,14528,2355
8/11/2023 18:00,20956,3120,5907,2277,27490,6345,14563,2317
8/11/2023 19:00,20111,3022,5946,2213,26897,6164,14443,2243
8/11/2023 20:00,19364,2923,6107,2133,25754,5969,13876,2160
8/11/2023 21:00,18908,2778,6253,2090,24458,5798,13308,2116
8/11/2023 22:00,18316,2622,6386,1986,22692,5509,12621,1983
8/11/2023 23:00,17355,2469,6405,1872,21172,5230,11729,1860
8/12/2023 0:00,16394,2313,6385,1780,20004,4960,10961,1749
8/12/2023 1:00,15336,2205,6341,1697,19119,4793,10298,1645
8/12/2023 2:00,14701,2088,6289,1632,18326,4589,9671,1571
8/12/2023 3:00,14255,2011,6240,1577,17669,4407,9217,1523
8/12/2023 4:00,13993,1959,6198,1540,17169,4291,8871,1488
8/12/2023 5:00,13833,1920,6164,1527,16716,4203,8654,1469
8/12/2023 6:00,13880,1905,6140,1535,16443,4166,8579,1463
8/12/2023 7:00,14203,1941,6131,1553,16625,4198,8654,1484
8/12/2023 8:00,15013,2088,6144,1602,17305,4421,9044,1581
8/12/2023 9:00,16338,2246,6193,1718,18711,4765,9758,1711
8/12/2023 10:00,17850,2468,6273,1836,20318,5118,10612,1848
8/12/2023 11:00,19187,2701,6407,1975,22062,5471,11586,1958
8/12/2023 12:00,20273,2911,6492,2092,23761,5820,12494,2094
8/12/2023 13:00,21032,3027,6467,2195,25255,6136,13219,2185
8/12/2023 14:00,21521,3112,6348,2257,26410,6345,13770,2264
8/12/2023 15:00,21824,3141,6334,2283,27055,6416,14011,2315
8/12/2023 16:00,21937,3131,6358,2296,27293,6455,14187,2336
8/12/2023 17:00,21709,3131,6305,2281,27248,6417,14293,2330
8/12/2023 18:00,21197,3100,6224,2241,27022,6326,14335,2299
8/12/2023 19:00,20422,3004,6053,2193,26320,6157,14112,2240
8/12/2023 20:00,19651,2881,6032,2171,25311,5914,13587,2149
8/12/2023 21:00,18984,2753,6245,2096,24152,5726,13015,2047
8/12/2023 22:00,18083,2596,6428,1986,22752,5440,12355,1940
8/12/2023 23:00,17181,2446,6466,1886,21351,5181,11640,1832
8/13/2023 0:00,16211,2301,6420,1787,20264,4909,10842,1739
8/13/2023 1:00,15725,2161,6275,1681,19377,4775,10138,1660
8/13/2023 2:00,15012,2066,6193,1601,18574,4557,9561,1584
8/13/2023 3:00,14415,1994,6128,1537,17874,4378,9161,1533
8/13/2023 4:00,13984,1933,6089,1498,17294,4238,8880,1492
8/13/2023 5:00,13710,1890,6059,1478,16835,4160,8674,1458
8/13/2023 6:00,13563,1872,6038,1488,16504,4099,8534,1437
8/13/2023 7:00,13695,1906,6026,1510,16325,4099,8458,1432
8/13/2023 8:00,14516,2042,6032,1593,17056,4313,8854,1522
8/13/2023 9:00,15703,2215,6060,1715,18559,4640,9511,1639
8/13/2023 10:00,17111,2420,6129,1838,20167,4984,10383,1756
8/13/2023 11:00,18474,2640,6293,1968,21879,5399,11357,1887
8/13/2023 12:00,19559,2858,6375,2102,23695,5783,12203,2015
8/13/2023 13:00,20369,3005,6360,2194,25178,6066,13033,2138
8/13/2023 14:00,20899,3089,6305,2265,26201,6254,13661,2229
8/13/2023 15:00,21244,3128,6255,2315,26890,6372,13888,2289
8/13/2023 16:00,21382,3148,6141,2335,27265,6420,14072,2303
8/13/2023 17:00,21200,3148,6047,2329,27391,6359,14212,2303
8/13/2023 18:00,20622,3117,5994,2302,27161,6244,14310,2276
8/13/2023 19:00,19823,3036,5943,2266,26422,6062,14147,2232
8/13/2023 20:00,19192,2902,5986,2206,25215,5901,13729,2161
8/13/2023 21:00,18607,2753,6067,2133,24466,5748,13273,2076
8/13/2023 22:00,17741,2583,6245,1995,22902,5390,12442,1947
8/13/2023 23:00,16878,2403,6286,1863,21420,5089,11502,1828
8/14/2023 0:00,16055,2229,6254,1737,19979,4766,10655,1720
8/14/2023 1:00,15461,2109,6168,1625,18744,4494,9929,1631
8/14/2023 2:00,14939,2002,6093,1555,17866,4304,9388,1551
8/14/2023 3:00,14678,1940,6022,1507,17258,4188,8977,1487
8/14/2023 4:00,14548,1911,5973,1484,16956,4145,8804,1445
8/14/2023 5:00,14707,1940,5952,1488,16863,4136,8829,1424
8/14/2023 6:00,14925,1981,5943,1501,17139,4205,9005,1454
8/14/2023 7:00,14968,2012,5948,1527,17340,4296,9031,1515
8/14/2023 8:00,15634,2135,5985,1576,18368,4442,9412,1595
8/14/2023 9:00,16836,2311,6052,1643,19762,4761,10058,1693
8/14/2023 10:00,18111,2539,6124,1721,21234,5171,10791,1808
8/14/2023 11:00,19342,2772,6222,1813,22941,5597,11645,1934
8/14/2023 12:00,20443,2977,6252,1909,24413,5951,12455,2060
8/14/2023 13:00,21354,3142,6202,2007,25663,6227,13330,2199
8/14/2023 14:00,21937,3208,6114,2077,26480,6421,13986,2282
8/14/2023 15:00,22181,3218,6001,2124,27067,6490,14009,2329
8/14/2023 16:00,22253,3210,5918,2141,27350,6477,14113,2351
8/14/2023 17:00,21992,3200,5868,2131,27286,6405,14277,2332
8/14/2023 18:00,21326,3176,5852,2097,26840,6273,14434,2290
8/14/2023 19:00,20515,3084,5871,2035,25933,6079,14322,2206
8/14/2023 20:00,19878,2957,5933,1956,24837,5899,13876,2125
8/14/2023 21:00,19154,2815,6066,1913,23904,5731,13423,2053
8/14/2023 22:00,18169,2601,6246,1803,22126,5382,12619,1943
8/14/2023 23:00,17179,2431,6281,1697,20413,5046,11682,1823
8/15/2023 0:00,16328,2263,6267,1601,18784,4735,10837,1721
8/15/2023 1:00,15681,2107,6178,1505,17509,4458,10158,1611
8/15/2023 2:00,15119,2002,6111,1444,16702,4292,9653,1528
8/15/2023 3:00,14776,1924,6028,1405,16198,4161,9272,1461
8/15/2023 4:00,14570,1897,5994,1388,15846,4062,9058,1421
8/15/2023 5:00,14745,1897,5973,1399,15896,4048,9037,1403
8/15/2023 6:00,14951,1930,5968,1434,16123,4156,9182,1435
8/15/2023 7:00,15173,1991,5982,1464,16400,4296,9272,1480
8/15/2023 8:00,15886,2116,6025,1496,16954,4432,9645,1558
8/15/2023 9:00,16995,2288,6070,1557,17962,4696,10364,1675
8/15/2023 10:00,18168,2485,6143,1642,19071,5101,11191,1799
8/15/2023 11:00,19246,2715,6245,1743,20356,5480,12067,1931
8/15/2023 12:00,20197,2903,6274,1861,21666,5823,12954,2058
8/15/2023 13:00,21005,3050,6237,1953,23002,6097,13665,2172
8/15/2023 14:00,21592,3114,6099,2036,23934,6282,14194,2259
8/15/2023 15:00,21988,3131,5977,2098,24615,6384,14142,2294
8/15/2023 16:00,22162,3117,5898,2136,25003,6433,14222,2310
8/15/2023 17:00,22050,3078,5849,2149,25030,6393,14324,2295
8/15/2023 18:00,21518,3036,5835,2123,24840,6271,14411,2249
8/15/2023 19:00,20970,2931,5840,2027,23943,6074,14329,2145
8/15/2023 20:00,20422,2831,5908,1966,23077,5869,13943,2080
8/15/2023 21:00,19642,2692,6083,1897,21852,5676,13541,2028
8/15/2023 22:00,18574,2505,6281,1776,20101,5322,12802,1878
8/15/2023 23:00,17452,2316,6345,1667,18587,4972,11865,1775
8/16/2023 0:00,16487,2130,6321,1571,17102,4652,10987,1680
8/16/2023 1:00,15681,1970,6216,1370,14426,4487,9898,1534
8/16/2023 2:00,15118,1870,6140,1295,13564,4259,9284,1467
8/16/2023 3:00,14783,1802,6083,1265,13147,4116,8905,1419
8/16/2023 4:00,14638,1776,6036,1249,12964,4016,8670,1388
8/16/2023 5:00,14783,1781,6000,1287,13199,4013,8539,1378
8/16/2023 6:00,14905,1815,5991,1332,13564,4113,8610,1392
8/16/2023 7:00,15056,1847,6008,1354,13956,4108,8770,1419
8/16/2023 8:00,15838,1957,6050,1393,14687,4347,9171,1480
8/16/2023 9:00,17084,2172,6100,1480,15653,4729,9922,1601
8/16/2023 10:00,18161,2406,6166,1588,17115,5151,10732,1762
8/16/2023 11:00,19251,2650,6250,1696,18447,5550,11686,1914
8/16/2023 12:00,20235,2852,6303,1801,19987,5942,12497,2038
8/16/2023 13:00,21083,3007,6292,1908,21397,6207,13188,2164
8/16/2023 14:00,21643,3108,6099,2000,22702,6417,13486,2233
8/16/2023 15:00,21896,3129,5983,2055,23747,6508,13594,2272
8/16/2023 16:00,21987,3132,5906,2095,24269,6531,13725,2284
8/16/2023 17:00,21643,3113,5873,2104,24426,6490,13880,2260
8/16/2023 18:00,20871,3078,5861,2081,24034,6409,14011,2209
8/16/2023 19:00,19887,2972,5892,2011,23146,6213,13808,2142
8/16/2023 20:00,19115,2845,5982,1911,21945,6023,13260,2052
8/16/2023 21:00,18418,2672,6111,1840,20588,5732,12628,1966
8/16/2023 22:00,17494,2469,6304,1743,19178,5367,11865,1833
8/16/2023 23:00,16389,2304,6333,1639,17849,5083,11054,1743
8/17/2023 0:00,15556,2160,6327,1550,16772,4810,10339,1672
8/17/2023 1:00,15149,1847,6188,1481,14782,4561,9659,1565
8/17/2023 2:00,14669,1734,6118,1423,14274,4351,9111,1496
8/17/2023 3:00,14321,1683,6060,1376,13765,4196,8706,1453
8/17/2023 4:00,14097,1658,6021,1354,13511,4124,8467,1418
8/17/2023 5:00,14141,1650,6000,1370,13486,4111,8372,1427
8/17/2023 6:00,14341,1658,5988,1402,13689,4165,8479,1453
8/17/2023 7:00,14627,1717,6005,1460,14045,4215,8730,1507
8/17/2023 8:00,15357,1860,6074,1546,15316,4451,9373,1647
8/17/2023 9:00,16771,2100,6165,1679,16841,4797,10215,1810
8/17/2023 10:00,18270,2356,6244,1808,18773,5178,11162,1951
8/17/2023 11:00,19551,2596,6303,1947,20858,5585,12163,2082
8/17/2023 12:00,20750,2798,6331,2070,22739,5973,13009,2242
8/17/2023 13:00,21649,2962,6244,2191,24417,6259,13737,2345
8/17/2023 14:00,22248,3054,6031,2235,25866,6472,14106,2425
8/17/2023 15:00,22598,3126,5896,2267,26832,6590,14178,2464
8/17/2023 16:00,22698,3147,5803,2279,27239,6595,14225,2461
8/17/2023 17:00,22465,3134,5769,2279,27292,6531,14357,2438
8/17/2023 18:00,21682,3096,5753,2259,27036,6427,14500,2405
8/17/2023 19:00,21100,3004,5785,2212,26313,6241,14309,2310
8/17/2023 20:00,20650,2827,5842,2135,24594,6050,13877,2172
8/17/2023 21:00,19868,2684,6116,2079,23264,5858,13236,2079
8/17/2023 22:00,18746,2487,6316,1958,21540,5479,12401,1944
8/17/2023 23:00,17682,2323,6365,1821,20052,5156,11599,1811
8/18/2023 0:00,16842,2091,6332,1705,18451,4862,10793,1694
8/18/2023 1:00,15714,1946,6199,1619,17572,4596,10023,1633
8/18/2023 2:00,15017,1854,6088,1553,16741,4376,9487,1556
8/18/2023 3:00,14589,1776,6023,1502,16185,4208,9126,1503
8/18/2023 4:00,14431,1733,5975,1478,15910,4124,8907,1470
8/18/2023 5:00,14431,1769,5951,1470,15904,4115,8809,1463
8/18/2023 6:00,14605,1829,5944,1496,16168,4171,8907,1485
8/18/2023 7:00,15070,1903,5958,1545,16636,4292,9082,1537
8/18/2023 8:00,15809,2010,6019,1609,17621,4507,9621,1666
8/18/2023 9:00,16768,2208,6144,1727,19198,4867,10292,1828
8/18/2023 10:00,18410,2428,6249,1872,21254,5298,11185,1983
8/18/2023 11:00,19735,2647,6317,1994,23194,5671,12046,2119
8/18/2023 12:00,20855,2867,6341,2123,25080,6045,12820,2224
8/18/2023 13:00,21713,3023,6269,2227,26535,6310,13496,2347
8/18/2023 14:00,22347,3122,6109,2273,27586,6460,13997,2418
8/18/2023 15:00,22609,3168,5986,2300,28206,6553,14160,2455
8/18/2023 16:00,22665,3166,5926,2306,28502,6534,14204,2453
8/18/2023 17:00,22385,3145,5901,2294,28260,6488,14291,2429
8/18/2023 18:00,21526,3094,5899,2268,27909,6369,14466,2395
8/18/2023 19:00,20696,3012,5916,2205,27047,6172,14182,2289
8/18/2023 20:00,20000,2885,5994,2140,25808,5989,13691,2168
8/18/2023 21:00,19357,2747,6124,2098,24488,5759,13227,2043
8/18/2023 22:00,18410,2591,6304,1995,22844,5460,12386,1918
8/18/2023 23:00,17428,2417,6345,1871,21147,5187,11473,1793
8/19/2023 0:00,16451,2266,6329,1766,19492,4891,10713,1690
8/19/2023 1:00,14710,2119,6219,1664,18954,4648,9872,1654
8/19/2023 2:00,14037,1999,6158,1594,17969,4451,9313,1593
8/19/2023 3:00,13557,1892,6113,1531,17274,4302,8885,1538
8/19/2023 4:00,13298,1813,6078,1492,16753,4180,8558,1501
8/19/2023 5:00,13205,1777,6052,1475,16261,4119,8310,1475
8/19/2023 6:00,13372,1769,6045,1478,16000,4095,8201,1464
8/19/2023 7:00,13834,1813,6068,1496,16197,4137,8313,1479
8/19/2023 8:00,14694,1968,6101,1557,17021,4381,8732,1543
8/19/2023 9:00,15784,2178,6131,1683,18717,4723,9557,1682
8/19/2023 10:00,17035,2409,6179,1840,20704,5126,10381,1815
8/19/2023 11:00,18285,2652,6257,1993,22376,5460,11232,1959
8/19/2023 12:00,19392,2888,6365,2122,23829,5784,12041,2090
8/19/2023 13:00,20171,3055,6404,2206,25162,6062,12725,2218
8/19/2023 14:00,20732,3139,6376,2275,26277,6255,13345,2314
8/19/2023 15:00,21003,3189,6328,2317,27076,6387,13826,2362
8/19/2023 16:00,21080,3209,6259,2335,27416,6434,14186,2380
8/19/2023 17:00,20790,3186,6140,2317,27512,6382,14342,2369
8/19/2023 18:00,20229,3136,6068,2264,27149,6288,14298,2323
8/19/2023 19:00,19436,3032,6049,2210,26446,6090,13917,2234
8/19/2023 20:00,18687,2872,6063,2150,25114,5886,13435,2155
8/19/2023 21:00,18057,2695,6161,2104,23951,5712,12841,2029
8/19/2023 22:00,17371,2521,6311,2004,22400,5453,12053,1926
8/19/2023 23:00,16533,2357,6374,1877,20849,5139,11329,1837
8/20/2023 0:00,15703,2223,6338,1759,19565,4838,10686,1741
8/20/2023 1:00,14962,2071,6187,1656,18798,4574,10087,1694
8/20/2023 2:00,14352,1982,6098,1572,17834,4326,9575,1623
8/20/2023 3:00,13852,1927,6048,1505,17132,4161,9117,1557
8/20/2023 4:00,13557,1884,6010,1454,16562,4043,8740,1504
8/20/2023 5:00,13372,1850,5991,1422,16080,3954,8459,1465
8/20/2023 6:00,13483,1837,5986,1418,15729,3905,8333,1445
8/20/2023 7:00,13834,1867,6003,1455,15692,3954,8393,1471
8/20/2023 8:00,14501,2008,6039,1526,16698,4203,8790,1549
8/20/2023 9:00,15655,2230,6086,1657,18453,4523,9561,1713
8/20/2023 10:00,17060,2486,6172,1810,20358,4900,10530,1850
8/20/2023 11:00,18406,2784,6287,1961,22498,5265,11499,1986
8/20/2023 12:00,19643,3053,6358,2077,24424,5593,12380,2125
8/20/2023 13:00,20628,3177,6382,2181,25836,5872,13194,2220
8/20/2023 14:00,21357,3228,6348,2251,26821,6075,13745,2276
8/20/2023 15:00,21782,3258,6258,2286,27377,6211,13965,2313
8/20/2023 16:00,21799,3266,5947,2302,27741,6291,14075,2327
8/20/2023 17:00,21408,3275,5810,2285,27918,6271,14219,2313
8/20/2023 18:00,20634,3241,5741,2244,27805,6142,14274,2274
8/20/2023 19:00,19626,3138,5723,2200,27078,5975,14159,2220
8/20/2023 20:00,19026,2989,5805,2163,26050,5779,13779,2163
8/20/2023 21:00,18398,2831,5960,2121,24916,5642,13278,2059
8/20/2023 22:00,17677,2637,6161,2001,23439,5286,12391,1930
8/20/2023 23:00,16741,2469,6270,1851,21813,4974,11433,1805
8/21/2023 0:00,15944,2276,6193,1728,20401,4659,10565,1706
8/21/2023 1:00,15348,2129,6095,1623,19031,4400,9958,1619
8/21/2023 2:00,14812,2032,5976,1547,18111,4181,9483,1538
8/21/2023 3:00,14443,1966,5902,1492,17490,4031,9119,1477
8/21/2023 4:00,14295,1932,5847,1463,17169,3954,8892,1443
8/21/2023 5:00,14350,1945,5816,1458,17041,3994,8827,1435
8/21/2023 6:00,14517,1995,5821,1482,17148,4127,8968,1461
8/21/2023 7:00,14896,2053,5888,1526,17490,4152,9206,1512
8/21/2023 8:00,15644,2194,5976,1612,18175,4350,9574,1593
8/21/2023 9:00,16871,2364,6102,1719,19502,4669,10308,1749
8/21/2023 10:00,18045,2605,6215,1857,21171,5033,11201,1912
8/21/2023 11:00,19189,2854,6307,1989,23183,5408,12094,2050
8/21/2023 12:00,20304,3074,6287,2095,24873,5744,12911,2176
8/21/2023 13:00,21210,3240,6201,2176,26307,6021,13662,2291
8/21/2023 14:00,21656,3298,5997,2241,27078,6194,14185,2342
8/21/2023 15:00,21820,3319,5845,2265,27484,6286,14230,2368
8/21/2023 16:00,21641,3307,5738,2261,27677,6322,14274,2350
8/21/2023 17:00,21196,3273,5688,2238,27548,6254,14305,2301
8/21/2023 18:00,20419,3215,5650,2204,27163,6117,14327,2249
8/21/2023 19:00,19486,3116,5663,2165,26436,5894,14043,2184
8/21/2023 20:00,18804,3024,5741,2110,25380,5734,13610,2123
8/21/2023 21:00,18238,2908,5923,2068,24346,5570,13188,2052
8/21/2023 22:00,17302,2738,6128,1977,22840,5263,12430,1916
8/21/2023 23:00,16261,2555,6189,1865,21087,4920,11486,1800
8/22/2023 0:00,15281,2335,6150,1737,19559,4613,10504,1721
8/22/2023 1:00,14446,2148,6067,1627,18383,4366,9671,1609
8/22/2023 2:00,13942,2014,5991,1549,17576,4162,9119,1515
8/22/2023 3:00,13681,1942,5913,1491,16917,4058,8806,1465
8/22/2023 4:00,13629,1894,5844,1464,16662,4007,8622,1437
8/22/2023 5:00,13890,1910,5808,1476,16874,4047,8600,1430
8/22/2023 6:00,14223,1954,5821,1508,17197,4128,8795,1440
8/22/2023 7:00,14721,2026,5881,1547,17366,4239,9087,1475
8/22/2023 8:00,15346,2144,5990,1615,18062,4338,9433,1538
8/22/2023 9:00,16356,2291,6119,1708,19222,4512,9862,1614
8/22/2023 10:00,17348,2481,6227,1811,20714,4756,10470,1732
8/22/2023 11:00,18600,2687,6336,1918,22322,5024,11077,1864
8/22/2023 12:00,19607,2911,6294,2031,23925,5198,11616,1992
8/22/2023 13:00,20633,3086,6152,2124,25106,5363,12051,2107
8/22/2023 14:00,21137,3198,5967,2177,26076,5485,12418,2175
8/22/2023 15:00,21345,3229,5835,2214,26667,5537,12716,2180
8/22/2023 16:00,21241,3214,5760,2230,26941,5522,12853,2166
8/22/2023 17:00,20702,3175,5729,2214,26941,5475,12739,2132
8/22/2023 18:00,20129,3128,5713,2176,26582,5386,12452,2086
8/22/2023 19:00,19573,3032,5737,2117,25823,5217,12120,2013
8/22/2023 20:00,18930,2935,5805,2045,25022,5146,11879,1938
8/22/2023 21:00,18269,2803,5990,2024,24115,5048,11604,1887
8/22/2023 22:00,17470,2652,6227,1930,22259,4827,11192,1780
8/22/2023 23:00,16618,2450,6200,1807,20677,4563,10527,1698
8/23/2023 0:00,15801,2241,6156,1709,19285,4310,9862,1622
8/23/2023 1:00,15043,2038,6115,1668,18205,3718,9301,1394
8/23/2023 2:00,14555,1934,6041,1593,17268,3577,8900,1331
8/23/2023 3:00,14258,1868,5984,1537,16791,3485,8579,1286
8/23/2023 4:00,14109,1828,5947,1512,16551,3471,8396,1279
8/23/2023 5:00,14235,1871,5919,1528,16682,3538,8515,1301
8/23/2023 6:00,14555,1917,5911,1563,16987,3722,8757,1343
8/23/2023 7:00,14786,1977,5955,1581,17402,3761,9010,1369
8/23/2023 8:00,15472,2158,6022,1658,18362,3911,9310,1437
8/23/2023 9:00,16565,2353,6116,1757,19714,4201,9909,1549
8/23/2023 10:00,17855,2593,6199,1864,21306,4482,10796,1663
8/23/2023 11:00,19019,2849,6256,1978,22855,4865,11637,1791
8/23/2023 12:00,20112,3050,6226,2078,24360,5203,12513,1915
8/23/2023 13:00,21008,3185,6139,2146,25603,5479,13262,2026
8/23/2023 14:00,21599,3249,6037,2191,26432,5658,13746,2115
8/23/2023 15:00,21958,3283,5943,2206,26955,5770,13907,2164
8/23/2023 16:00,22065,3272,5887,2191,27261,5799,14010,2182
8/23/2023 17:00,21814,3237,5856,2168,27304,5716,14034,2160
8/23/2023 18:00,21199,3168,5837,2139,26955,5561,13964,2087
8/23/2023 19:00,20469,3053,5855,2096,26126,5382,13676,2014
8/23/2023 20:00,19827,2929,5921,2047,25167,5242,13285,1953
8/23/2023 21:00,19267,2823,6023,2021,24316,5077,12847,1894
8/23/2023 22:00,18383,2647,6210,1965,22746,4811,12063,1777
8/23/2023 23:00,17364,2481,6307,1848,21241,4468,11211,1677
8/24/2023 0:00,16408,2311,6210,1742,19670,4172,10462,1608
8/24/2023 1:00,15788,2173,6143,1657,18589,3902,9902,1497
8/24/2023 2:00,15260,2069,6047,1595,17685,3729,9398,1434
8/24/2023 3:00,14856,2003,6001,1548,17091,3630,9049,1387
8/24/2023 4:00,14644,1969,5960,1529,16807,3575,8874,1358
8/24/2023 5:00,14820,1989,5933,1548,16840,3615,8994,1362
8/24/2023 6:00,15094,2032,5947,1579,17121,3705,9125,1391
8/24/2023 7:00,15506,2101,5990,1614,17617,3849,9202,1430
8/24/2023 8:00,16124,2207,6052,1689,18632,4037,9639,1498
8/24/2023 9:00,17160,2397,6124,1803,20099,4331,10361,1602
8/24/2023 10:00,18445,2639,6198,1931,21697,4708,11214,1713
8/24/2023 11:00,19676,2889,6298,2054,23553,5076,12121,1857
8/24/2023 12:00,20908,3108,6337,2152,25215,5424,12997,2010
8/24/2023 13:00,21823,3246,6241,2208,26661,5687,13688,2138
8/24/2023 14:00,22439,3303,6105,2232,27567,5876,14160,2221
8/24/2023 15:00,22795,3326,5972,2243,28129,6003,14322,2266
8/24/2023 16:00,22841,3309,5873,2234,28388,6064,14368,2287
8/24/2023 17:00,22519,3275,5818,2212,28280,6025,14414,2262
8/24/2023 18:00,21860,3190,5771,2187,27934,5896,14460,2208
8/24/2023 19:00,20803,3066,5814,2143,26963,5697,14229,2122
8/24/2023 20:00,20128,2965,5927,2080,25949,5503,13815,2034
8/24/2023 21:00,19592,2833,6104,2052,24826,5314,13377,1971
8/24/2023 22:00,18642,2664,6267,1972,23169,4986,12547,1892
8/24/2023 23:00,17722,2493,6319,1857,21752,4624,11695,1785
8/25/2023 0:00,16818,2313,6214,1756,20224,4311,10884,1678
8/25/2023 1:00,16418,2194,6124,1656,18936,4189,10029,1583
8/25/2023 2:00,15938,2101,6064,1595,18116,3988,9536,1513
8/25/2023 3:00,15597,2035,6014,1559,17545,3865,9215,1452
8/25/2023 4:00,15473,1989,5974,1535,17235,3782,9038,1414
8/25/2023 5:00,15535,1986,5958,1548,17146,3764,9069,1403
8/25/2023 6:00,15783,2013,5973,1579,17390,3838,9301,1426
8/25/2023 7:00,15783,2086,6022,1609,17722,3962,9448,1465
8/25/2023 8:00,16573,2237,6095,1687,18541,4134,9806,1520
8/25/2023 9:00,17580,2420,6162,1793,20069,4396,10489,1633
8/25/2023 10:00,18834,2647,6258,1918,21760,4756,11309,1761
8/25/2023 11:00,20250,2871,6340,2043,23691,5160,12224,1925
8/25/2023 12:00,21431,3061,6379,2147,25461,5515,13055,2068
8/25/2023 13:00,22434,3213,6241,2230,26657,5785,13665,2187
8/25/2023 14:00,23024,3273,6080,2260,27393,5954,14096,2264
8/25/2023 15:00,23221,3294,5981,2272,27898,6034,14332,2307
8/25/2023 16:00,23241,3288,5901,2258,28234,6072,14395,2330
8/25/2023 17:00,22486,3258,5868,2220,28093,6020,14369,2299
8/25/2023 18:00,21556,3198,5839,2171,27621,5926,14296,2217
8/25/2023 19:00,20807,3058,5855,2108,26583,5715,14005,2142
8/25/2023 20:00,20342,2963,5920,2059,25640,5555,13569,2098
8/25/2023 21:00,19634,2843,6117,2022,24461,5339,13174,1992
8/25/2023 22:00,18845,2663,6308,1945,23093,5093,12520,1890
8/25/2023 23:00,17793,2502,6335,1850,21624,4780,11709,1790
8/26/2023 0:00,16781,2335,6265,1752,20139,4458,10883,1701
8/26/2023 1:00,15836,2096,6223,1662,19063,4202,10209,1569
8/26/2023 2:00,15203,1988,6176,1587,18172,3989,9621,1517
8/26/2023 3:00,14768,1903,6120,1531,17468,3842,9208,1455
8/26/2023 4:00,14412,1837,6073,1488,16791,3737,8849,1407
8/26/2023 5:00,14234,1815,6043,1469,16390,3695,8631,1376
8/26/2023 6:00,14254,1833,6069,1482,16155,3723,8515,1365
8/26/2023 7:00,14472,1893,6122,1508,16430,3802,8625,1383
8/26/2023 8:00,15124,2042,6170,1578,17337,3989,9079,1452
8/26/2023 9:00,16133,2251,6231,1680,18913,4249,9828,1551
8/26/2023 10:00,17388,2472,6325,1799,20728,4622,10774,1667
8/26/2023 11:00,18703,2690,6467,1914,22472,4981,11732,1812
8/26/2023 12:00,19796,2864,6498,2016,24004,5321,12493,1972
8/26/2023 13:00,20595,3006,6429,2107,25254,5600,13168,2117
8/26/2023 14:00,21267,3101,6358,2162,26086,5791,13668,2222
8/26/2023 15:00,21583,3159,6258,2187,26675,5917,13942,2303
8/26/2023 16:00,21670,3175,6148,2185,26992,5973,14058,2344
8/26/2023 17:00,21432,3135,6048,2164,27037,5959,14047,2320
8/26/2023 18:00,20879,3050,5974,2126,26629,5866,13910,2257
8/26/2023 19:00,20127,2902,5921,2055,25820,5703,13521,2175
8/26/2023 20:00,19653,2801,5974,2002,24853,5456,13005,2074
8/26/2023 21:00,18941,2704,6173,1988,23674,5237,12626,1976
8/26/2023 22:00,18110,2573,6384,1931,22270,5013,11873,1825
8/26/2023 23:00,17220,2423,6400,1825,20918,4752,11246,1706
8/27/2023 0:00,16330,2271,6353,1735,19574,4468,10531,1588
8/27/2023 1:00,15360,2108,6227,1641,18394,4162,10097,1615
8/27/2023 2:00,14811,2004,6144,1566,17453,3979,9598,1532
8/27/2023 3:00,14349,1911,6060,1500,16540,3834,9165,1452
8/27/2023 4:00,13997,1845,6009,1459,15925,3726,8818,1403
8/27/2023 5:00,13775,1810,5980,1436,15548,3664,8590,1376
8/27/2023 6:00,13862,1825,5968,1428,15307,3705,8452,1364
8/27/2023 7:00,14185,1876,5977,1444,15617,3818,8580,1368
8/27/2023 8:00,14855,2004,6018,1507,16342,3988,8976,1452
8/27/2023 9:00,15923,2184,6082,1581,17926,4266,9746,1550
8/27/2023 10:00,17175,2408,6162,1666,19641,4580,10783,1662
8/27/2023 11:00,18427,2626,6252,1763,21181,4940,11832,1783
8/27/2023 12:00,19658,2844,6325,1854,22742,5279,12730,1914
8/27/2023 13:00,20712,3010,6371,1933,23930,5567,13307,2055
8/27/2023 14:00,21657,3120,6347,1986,24919,5773,13778,2168
8/27/2023 15:00,22294,3163,6293,2010,25469,5902,14152,2227
8/27/2023 16:00,22536,3175,6189,2012,25755,5979,14377,2256
8/27/2023 17:00,22338,3151,6061,1994,25733,5994,14494,2233
8/27/2023 18:00,21811,3062,5946,1936,25249,5902,14548,2184
8/27/2023 19:00,21130,2920,5841,1879,24303,5732,14216,2092
8/27/2023 20:00,20536,2862,5806,1826,23710,5559,13735,2028
8/27/2023 21:00,19824,2742,6012,1800,22676,5387,13457,1893
8/27/2023 22:00,18916,2568,6201,1741,20961,5177,12516,1744
8/27/2023 23:00,17882,2394,6279,1654,19377,4827,11532,1645
8/28/2023 0:00,16982,2230,6226,1564,17838,4519,10709,1573
8/28/2023 1:00,16121,2086,6118,1479,16826,4292,9983,1512
8/28/2023 2:00,15590,1988,6023,1422,16001,4101,9531,1438
8/28/2023 3:00,15222,1930,5959,1381,15571,3962,9265,1372
8/28/2023 4:00,15007,1901,5922,1367,15463,3901,9136,1328
8/28/2023 5:00,14968,1920,5911,1387,15743,3962,9201,1307
8/28/2023 6:00,15144,1962,5926,1423,16389,4040,9404,1344
8/28/2023 7:00,15476,2018,5977,1468,16711,4086,9500,1401
8/28/2023 8:00,16010,2117,6036,1517,17185,4230,9800,1455
8/28/2023 9:00,16999,2243,6097,1573,18196,4503,10330,1519
8/28/2023 10:00,18140,2403,6118,1642,19509,4945,11202,1635
8/28/2023 11:00,19305,2600,6136,1718,20814,5356,12191,1755
8/28/2023 12:00,20472,2776,6135,1797,22043,5727,13126,1880
8/28/2023 13:00,21357,2934,6132,1870,23140,6004,13810,1997
8/28/2023 14:00,21919,3021,6126,1924,24010,6200,14083,2080
8/28/2023 15:00,22113,3049,6113,1967,24502,6298,14178,2092
8/28/2023 16:00,22049,3031,6100,1992,24786,6349,14067,2045
8/28/2023 17:00,21695,2973,6081,1983,24786,6354,13821,1989
8/28/2023 18:00,21046,2862,6046,1957,24407,6313,13511,1916
8/28/2023 19:00,20291,2718,5946,1895,23613,6154,13158,1857
8/28/2023 20:00,19888,2662,5831,1832,22951,5958,12794,1781
8/28/2023 21:00,19413,2537,5800,1779,21816,5783,12473,1694
8/28/2023 22:00,18614,2362,5876,1684,20161,5454,11928,1602
8/28/2023 23:00,17607,2173,6023,1575,18433,5068,11243,1523
8/29/2023 0:00,16573,1993,6064,1483,16970,4775,10384,1486
8/29/2023 1:00,15648,1868,6006,1401,15851,4533,9607,1432
8/29/2023 2:00,14833,1771,5952,1343,15161,4317,9232,1366
8/29/2023 3:00,14402,1724,5910,1304,14713,4173,8934,1288
8/29/2023 4:00,14211,1688,5893,1289,14533,4122,8851,1263
8/29/2023 5:00,14402,1729,5887,1311,14795,4158,8826,1266
8/29/2023 6:00,14674,1804,5898,1348,15405,4245,8929,1288
8/29/2023 7:00,14929,1832,5925,1385,15629,4245,9110,1320
8/29/2023 8:00,15217,1899,5965,1431,15954,4395,9360,1349
8/29/2023 9:00,15871,1996,6017,1502,16886,4698,9871,1432
8/29/2023 10:00,16702,2168,6052,1585,18029,5027,10621,1566
8/29/2023 11:00,17660,2384,6112,1688,19310,5387,11531,1640
8/29/2023 12:00,18746,2565,6155,1778,20449,5687,12230,1714
8/29/2023 13:00,19799,2731,6213,1866,21568,5987,12881,1775
8/29/2023 14:00,20662,2880,6264,1936,22484,6190,13267,1826
8/29/2023 15:00,20933,2964,6307,1972,23236,6283,13494,1847
8/29/2023 16:00,20678,2988,6337,1992,23521,6311,13608,1840
8/29/2023 17:00,19975,2939,6352,1972,23379,6269,13517,1815
8/29/2023 18:00,19304,2809,6324,1944,22829,6189,13267,1772
8/29/2023 19:00,18682,2643,6185,1866,22239,6068,12779,1725
8/29/2023 20:00,18219,2563,5990,1796,21609,5933,12446,1683
8/29/2023 21:00,17867,2409,5992,1729,20592,5700,11981,1642
8/29/2023 22:00,17292,2224,6148,1631,18883,5340,11359,1588
8/29/2023 23:00,16590,2050,6252,1534,17147,4975,10507,1535
8/30/2023 0:00,15941,1896,6103,1465,15812,4611,9694,1477
8/30/2023 1:00,13996,1760,6005,1431,15112,4327,8908,1413
8/30/2023 2:00,13527,1689,5925,1383,14263,4116,8478,1344
8/30/2023 3:00,13229,1645,5870,1353,13717,3984,8147,1300
8/30/2023 4:00,13073,1626,5841,1342,13575,3930,8003,1277
8/30/2023 5:00,13260,1658,5822,1360,13858,3989,8014,1270
8/30/2023 6:00,13558,1713,5850,1415,14485,4069,8246,1292
8/30/2023 7:00,14028,1733,5909,1441,14788,4089,8368,1348
8/30/2023 8:00,14184,1833,5983,1492,15374,4223,8677,1429
8/30/2023 9:00,14967,1993,6086,1573,16527,4486,9227,1519
8/30/2023 10:00,15875,2170,6143,1670,18002,4809,9969,1622
8/30/2023 11:00,16971,2393,6170,1787,19579,5146,10792,1777
8/30/2023 12:00,18020,2581,6162,1890,21034,5464,11765,1920
8/30/2023 13:00,19068,2749,6128,1982,22389,5718,12592,2061
8/30/2023 14:00,19929,2849,6079,2037,23379,5916,13151,2168
8/30/2023 15:00,20540,2917,6040,2080,24046,6026,13498,2225
8/30/2023 16:00,20869,2954,6007,2104,24444,6100,13688,2245
8/30/2023 17:00,20759,2914,5982,2099,24547,6065,13744,2225
8/30/2023 18:00,20336,2816,5965,2049,24258,5986,13621,2163
8/30/2023 19:00,19710,2638,5953,1961,23247,5817,13285,2093
8/30/2023 20:00,18834,2538,5957,1875,22235,5672,12682,2028
8/30/2023 21:00,17706,2362,5983,1784,20915,5439,11944,1908
8/30/2023 22:00,16423,2164,6074,1685,19408,5112,11173,1756
8/30/2023 23:00,15468,2001,6123,1570,17530,4804,10312,1613
8/31/2023 0:00,14826,1857,6097,1462,16084,4506,9529,1508
8/31/2023 1:00,14314,1750,6015,1387,15058,4141,8887,1360
8/31/2023 2:00,13755,1681,5949,1323,14176,3947,8458,1296
8/31/2023 3:00,13446,1635,5881,1284,13805,3812,8143,1258
8/31/2023 4:00,13338,1605,5841,1270,13622,3754,7953,1232
8/31/2023 5:00,13492,1629,5816,1292,13919,3812,8009,1223
8/31/2023 6:00,13739,1684,5845,1343,14489,3899,8357,1263
8/31/2023 7:00,13909,1720,5921,1380,14648,3938,8522,1279
8/31/2023 8:00,14554,1813,6033,1429,15127,4078,8754,1323
8/31/2023 9:00,15630,1989,6139,1512,16175,4392,9295,1437
8/31/2023 10:00,16757,2149,6198,1595,17612,4753,10122,1598
8/31/2023 11:00,17831,2361,6231,1698,19139,5088,11074,1771
8/31/2023 12:00,18816,2559,6200,1807,20712,5404,11894,1907
8/31/2023 13:00,19627,2730,6157,1910,22148,5666,12670,2018
8/31/2023 14:00,20154,2855,6036,1994,23265,5874,13241,2090
8/31/2023 15:00,20424,2923,5953,2053,23995,6010,13587,2138
8/31/2023 16:00,20454,2953,5913,2080,24359,6095,13766,2156
8/31/2023 17:00,20209,2907,5886,2063,24473,6117,13833,2140
8/31/2023 18:00,19585,2823,5866,2022,24154,6018,13721,2110
8/31/2023 19:00,18891,2657,5853,1937,23174,5789,13408,2062
8/31/2023 20:00,18350,2537,5879,1847,22080,5594,12816,1960
8/31/2023 21:00,17809,2364,5969,1786,21008,5444,12136,1886
8/31/2023 22:00,17042,2171,6132,1678,19458,5187,11307,1747
8/31/2023 23:00,16103,1997,6187,1558,17862,4843,10434,1638
9/1/2023 0:00,15161,1842,6153,1447,16495,4553,9641,1528
9/1/2023 1:00,14056,1749,6058,1368,15178,4176,9041,1409
9/1/2023 2:00,13515,1668,5987,1315,14251,3994,8556,1356
9/1/2023 3:00,13236,1611,5942,1282,13858,3869,8178,1315
9/1/2023 4:00,13105,1584,5905,1269,13605,3797,7965,1299
9/1/2023 5:00,13269,1622,5876,1293,13974,3835,8104,1309
9/1/2023 6:00,13564,1657,5912,1328,14297,3926,8390,1355
9/1/2023 7:00,13712,1671,5974,1381,14643,3979,8533,1369
9/1/2023 8:00,14483,1766,6073,1463,14920,4104,8710,1417
9/1/2023 9:00,15566,1928,6167,1549,15958,4402,9313,1525
9/1/2023 10:00,16829,2110,6254,1648,17134,4777,10117,1667
9/1/2023 11:00,18088,2297,6295,1749,18656,5108,11078,1830
9/1/2023 12:00,19098,2503,6264,1861,20317,5406,11883,1977
9/1/2023 13:00,19848,2681,6179,1952,21747,5665,12700,2111
9/1/2023 14:00,20209,2790,6048,2026,22901,5843,13204,2195
9/1/2023 15:00,20324,2839,5947,2101,23823,5978,13547,2251
9/1/2023 16:00,20193,2820,5871,2137,24285,6040,13713,2244
9/1/2023 17:00,19877,2763,5823,2121,24100,5987,13749,2219
9/1/2023 18:00,19257,2642,5795,2068,23616,5834,13631,2183
9/1/2023 19:00,18634,2503,5826,1958,22578,5622,13229,2116
9/1/2023 20:00,18023,2392,5887,1857,21655,5546,12660,2024
9/1/2023 21:00,17405,2243,6031,1773,20386,5341,12033,1927
9/1/2023 22:00,16588,2050,6154,1665,18887,5080,11253,1824
9/1/2023 23:00,15779,1909,6205,1557,17180,4780,10389,1700
